,1,2,MOSNA,UTAG,CellCharter,BayesSpace,SquidPy,StLearn,imcRtools,Neighborhood
0,1,0,1,2,1,1,1,0,2,1
1,1,0,1,0,2,1,1,0,2,1
2,1,0,1,0,1,1,1,0,2,1
3,1,0,1,0,1,1,1,0,2,1
4,1,0,1,2,1,1,1,0,2,1
5,1,0,1,2,1,1,1,0,2,1
6,1,0,1,0,2,1,1,0,2,1
7,1,0,1,0,2,1,1,0,2,1
8,1,0,1,0,1,1,1,0,2,1
9,1,0,2,0,2,1,1,0,2,1_2
10,1,0,2,0,2,1,1,0,2,1_2
11,1,0,1,2,1,1,1,0,2,1
12,1,0,2,0,2,1,1,0,2,1_2
13,1,0,1,0,1,1,1,0,2,1
14,1,0,1,0,2,1,1,0,2,1
15,1,0,1,2,1,1,1,0,2,1
16,1,0,1,2,1,1,1,0,2,1
17,1,0,2,0,2,1,1,0,2,1_2
18,1,0,1,2,1,1,1,0,2,1
19,1,0,2,0,2,1,1,0,2,1
20,1,0,1,2,1,1,1,0,2,1
21,1,0,1,0,2,1,1,0,2,1
22,1,0,1,2,1,1,1,0,2,1
23,1,0,1,0,1,1,1,0,2,1
24,1,0,1,0,1,1,1,0,2,1
25,1,0,1,0,2,1,1,0,2,1
26,1,0,2,0,2,1,1,0,2,1_2
27,1,0,1,0,2,1,1,0,2,1
28,1,0,1,2,1,1,1,0,2,1
29,1,0,1,0,1,1,1,0,2,1
30,1,0,1,2,1,1,1,0,2,1
31,1,0,2,0,2,1,1,0,3,1_2
32,1,0,1,0,1,1,1,0,2,1
33,1,0,2,0,2,1,1,0,2,1_2
34,1,0,1,2,1,1,1,0,2,1
35,1,0,1,0,1,1,1,0,2,1
36,1,0,2,2,1,1,1,0,2,1
37,1,0,1,2,1,1,1,0,2,1
38,1,0,1,2,1,1,1,0,2,1
39,1,0,1,0,1,1,1,0,2,1
40,1,0,1,0,2,1,1,0,2,1
41,1,0,1,0,1,1,1,0,2,1
42,1,0,1,0,1,1,1,0,2,1
43,1,0,1,2,1,1,1,0,2,1
44,1,0,1,0,1,1,1,0,2,1
45,1,0,1,0,1,1,1,0,2,1
46,1,0,1,0,1,1,1,0,2,1
47,1,0,1,2,1,1,1,0,2,1
48,1,0,1,2,1,1,1,0,2,1
49,1,0,1,2,1,1,1,0,2,1
50,1,0,1,2,1,1,1,0,2,1
51,1,0,1,2,1,1,1,0,2,1
52,1,0,1,0,1,1,1,0,2,1
53,1,0,1,2,1,1,1,0,2,1
54,1,0,1,2,1,1,1,0,2,1
55,1,0,1,0,2,1,1,0,2,1
56,1,0,1,2,1,1,1,0,2,1
57,1,0,1,2,1,1,1,0,2,1
58,1,0,1,0,2,1,1,0,2,1
59,1,0,1,0,1,1,1,0,2,1
60,1,0,1,2,1,1,1,0,2,1
61,1,0,1,2,1,1,1,0,2,1
62,1,0,1,2,1,1,1,0,2,1
63,1,0,1,2,1,1,1,0,2,1
64,1,0,1,0,2,1,1,0,2,1
65,1,0,1,0,1,1,1,0,2,1
66,1,0,1,0,2,1,1,0,2,1
67,1,0,1,2,1,1,1,0,2,1
68,1,0,1,0,1,1,1,0,2,1
69,1,0,1,0,1,1,1,0,2,1
70,1,0,1,2,1,1,1,0,2,1
71,1,0,1,0,1,1,1,0,2,1
72,1,0,1,2,1,1,1,0,2,1
73,1,0,1,2,1,1,1,0,2,1
74,1,0,1,0,1,1,1,0,2,1
75,1,0,1,0,1,1,1,0,2,1
76,1,0,1,2,1,1,1,0,2,1
77,1,0,1,2,1,1,1,0,2,1
78,1,0,1,0,2,1,1,0,2,1
79,1,0,2,0,2,1,1,0,2,1_2
80,1,0,1,0,2,1,1,0,2,1
81,1,0,1,2,1,1,1,0,2,1
82,1,0,1,2,1,1,1,0,2,1
83,1,0,1,0,2,1,1,0,2,1
84,1,0,1,2,1,1,1,0,2,1
85,1,0,1,0,1,1,1,0,2,1
86,1,0,1,0,1,1,1,0,2,1
87,1,0,1,2,1,1,1,0,2,1
88,1,0,1,0,1,1,1,0,2,1
89,1,0,1,0,2,1,1,0,2,1
90,1,0,1,0,1,1,1,0,2,1
91,1,0,1,0,1,1,1,0,2,1
92,1,0,2,0,2,1,1,0,3,1_2
93,1,0,1,0,1,1,1,0,2,1
94,1,0,1,0,1,1,1,0,2,1
95,1,0,1,0,2,1,1,0,2,1
96,1,0,1,0,1,1,1,0,2,1
97,1,0,1,2,1,1,1,0,2,1
98,1,0,1,0,2,1,1,0,2,1
99,1,0,1,2,1,1,1,0,2,1
100,1,0,2,0,2,1,1,0,1,1_2
101,1,0,1,2,1,1,1,0,2,1
102,1,0,1,0,1,1,1,0,2,1
103,1,0,2,0,2,1,1,0,2,1_2
104,1,0,1,0,1,1,1,0,2,1
105,1,0,1,2,1,1,1,0,2,1
106,1,0,1,0,2,1,1,0,2,1
107,1,0,1,2,1,1,1,0,2,1
108,1,0,1,2,1,1,1,0,2,1
109,1,0,1,0,2,1,1,0,2,1
110,1,0,1,2,1,1,1,0,2,1
111,1,0,1,2,1,1,1,0,2,1
112,1,0,1,2,1,1,1,0,2,1
113,1,0,1,0,2,1,1,0,2,1
114,1,0,1,0,1,1,1,0,2,1
115,1,0,1,0,1,1,1,0,2,1
116,1,0,1,2,1,1,1,0,2,1
117,1,0,1,0,1,1,1,0,2,1
118,1,0,1,2,1,1,1,0,2,1
119,1,0,1,2,1,1,1,0,2,1
120,1,0,1,2,1,1,1,0,2,1
121,1,0,1,2,1,1,1,0,2,1
122,1,0,1,2,1,1,1,0,2,1
123,1,0,1,0,1,1,1,0,2,1
124,1,0,2,0,2,1,1,0,2,1_2
125,1,0,1,0,1,1,1,0,2,1
126,1,0,1,2,1,1,1,0,2,1
127,1,0,1,2,1,1,1,0,2,1
128,1,0,1,2,1,1,1,0,2,1
129,1,0,1,2,1,1,1,0,2,1
130,1,0,1,0,2,1,1,0,2,1
131,1,0,1,2,1,1,1,0,2,1
132,1,0,1,2,1,1,1,0,2,1
133,1,0,1,0,1,1,1,0,2,1
134,1,0,1,2,1,1,1,0,2,1
135,1,0,2,0,2,1,1,0,2,1_2
136,1,0,1,0,1,1,1,0,2,1
137,1,0,1,0,2,1,1,0,2,1
138,1,0,1,2,1,1,1,0,2,1
139,1,0,1,2,1,1,1,0,2,1
140,1,0,1,2,1,1,1,0,2,1
141,1,0,1,2,1,1,1,0,2,1
142,1,0,1,2,1,1,1,0,2,1
143,1,0,2,0,2,1,1,0,3,1_2
144,1,0,1,0,1,1,1,0,2,1
145,1,0,1,2,1,1,1,0,2,1
146,1,0,1,2,1,1,1,0,2,1
147,1,0,1,0,1,1,1,0,2,1
148,1,0,1,2,1,1,1,0,2,1
149,1,0,2,0,2,1,1,0,2,1_2
150,1,0,1,0,1,1,1,0,2,1
151,1,0,1,2,1,1,1,0,2,1
152,1,0,1,0,1,1,1,0,2,1
153,1,0,1,2,1,1,1,0,2,1
154,1,0,1,0,2,1,1,0,2,1
155,1,0,1,2,1,1,1,0,2,1
156,1,0,1,2,1,1,1,0,2,1
157,1,0,1,2,1,1,1,0,2,1
158,1,0,1,2,1,1,1,0,2,1
159,1,0,1,2,1,1,1,0,2,1
160,1,0,1,2,1,1,1,0,2,1
161,1,0,1,0,1,1,1,0,2,1
162,1,0,1,0,1,1,1,0,2,1
163,1,0,1,2,1,1,1,0,2,1
164,1,0,1,2,1,1,1,0,2,1
165,1,0,1,0,1,1,1,0,2,1
166,1,0,1,0,1,1,1,0,2,1
167,1,0,1,2,1,1,1,0,2,1
168,1,0,1,0,1,1,1,0,2,1
169,1,0,1,0,1,1,1,0,2,1
170,1,0,1,2,1,1,1,0,2,1
171,1,0,1,2,1,1,1,0,2,1
172,1,0,1,2,1,1,1,0,2,1
173,1,0,1,2,1,1,1,0,2,1
174,1,0,1,2,1,1,1,0,2,1
175,1,0,1,0,1,1,1,0,2,1
176,1,0,1,2,1,1,1,0,2,1
177,1,0,1,0,2,1,1,0,2,1
178,1,0,2,0,2,1,1,0,2,1_2
179,1,0,1,2,1,1,1,0,2,1
180,1,0,1,0,2,1,1,0,2,1
181,1,0,1,2,1,1,1,0,2,1
182,1,0,1,2,1,1,1,0,2,1
183,1,0,1,2,1,1,1,0,2,1
184,1,0,1,2,1,1,1,0,2,1
185,1,0,1,0,1,1,1,0,2,1
186,1,0,1,0,1,1,1,0,2,1
187,1,0,1,0,2,1,1,0,2,1
188,1,0,1,0,1,1,1,0,2,1
189,1,0,1,0,1,1,1,0,2,1
190,1,0,1,0,1,1,1,0,2,1
191,1,0,1,0,2,1,1,0,2,1
192,1,0,1,0,1,1,1,0,2,1
193,1,0,1,2,1,1,1,0,2,1
194,1,0,1,2,1,1,1,0,2,1
195,1,0,1,2,1,1,1,0,2,1
196,1,0,1,2,1,1,1,0,2,1
197,1,0,1,0,1,1,1,0,2,1
198,1,0,1,2,1,1,1,0,2,1
199,1,0,1,2,1,1,1,0,2,1
200,1,0,1,0,2,1,1,0,2,1
201,1,0,1,0,1,1,1,0,2,1
202,1,0,1,2,1,1,1,0,2,1
203,1,0,1,0,1,1,1,0,2,1
204,1,0,2,0,2,1,1,0,2,1_2
205,1,0,1,2,1,1,1,0,2,1
206,1,0,1,0,2,1,1,0,2,1
207,1,0,1,2,1,1,1,0,2,1
208,1,0,1,0,1,1,1,0,2,1
209,1,0,1,2,1,1,1,0,2,1
210,1,0,1,0,1,1,1,0,2,1
211,1,0,1,0,2,1,1,0,2,1
212,1,0,1,2,1,1,1,0,2,1
213,1,0,1,2,1,1,1,0,2,1
214,1,0,1,2,1,1,1,0,2,1
215,1,0,1,2,1,1,1,0,2,1
216,1,0,1,2,1,1,1,0,2,1
217,1,0,1,0,1,1,1,0,2,1
218,1,0,1,0,1,1,1,0,2,1
219,1,0,1,2,1,1,1,0,2,1
220,1,0,1,0,1,1,1,0,2,1
221,1,0,1,0,1,1,1,0,2,1
222,1,0,1,0,2,1,1,0,2,1
223,1,0,1,2,1,1,1,0,2,1
224,1,0,1,0,2,1,1,0,2,1
225,1,0,1,0,2,1,1,0,2,1
226,1,0,1,2,1,1,1,0,2,1
227,1,0,1,0,1,1,1,0,2,1
228,1,0,1,0,2,1,1,0,2,1
229,1,0,1,2,1,1,1,0,2,1
230,1,0,1,2,1,1,1,0,2,1
231,1,0,1,0,2,1,1,0,2,1
232,1,0,1,0,1,1,1,0,2,1
233,1,0,1,0,1,1,1,0,2,1
234,1,0,2,0,2,1,1,0,3,1_2
235,1,0,1,0,1,1,1,0,2,1
236,1,0,1,2,1,1,1,0,2,1
237,1,0,1,2,1,1,1,0,2,1
238,1,0,1,0,1,1,1,0,2,1
239,1,0,1,0,2,1,1,0,2,1
240,1,0,1,2,1,1,1,0,2,1
241,1,0,1,0,1,1,1,0,2,1
242,1,0,1,0,2,1,1,0,2,1
243,1,0,1,0,1,1,1,0,2,1
244,1,0,1,0,1,1,1,0,2,1
245,1,0,1,0,1,1,1,0,2,1
246,1,0,1,2,1,1,1,0,2,1
247,1,0,2,2,1,1,1,0,2,1
248,1,0,1,2,1,1,1,0,2,1
249,1,0,1,2,1,1,1,0,2,1
250,1,0,1,2,1,1,1,0,2,1
251,1,0,1,2,1,1,1,0,2,1
252,1,0,1,0,1,1,1,0,2,1
253,1,0,1,0,1,1,1,0,2,1
254,1,0,1,2,1,1,1,0,2,1
255,1,0,1,0,1,1,1,0,2,1
256,1,0,1,0,1,1,1,0,2,1
257,1,0,1,0,1,1,1,0,2,1
258,1,0,1,0,1,1,1,0,2,1
259,1,0,1,0,1,1,1,0,2,1
260,1,0,1,2,1,1,1,0,2,1
261,1,0,1,0,2,1,1,0,2,1
262,1,0,1,2,1,1,1,0,2,1
263,1,0,1,2,1,1,1,0,2,1
264,1,0,1,2,1,1,1,0,2,1
265,1,0,1,2,1,1,1,0,2,1
266,1,0,1,2,1,1,1,0,2,1
267,1,0,1,0,2,1,1,0,2,1
268,1,0,1,2,1,1,1,0,2,1
269,1,0,1,0,1,1,1,0,2,1
270,1,0,1,2,1,1,1,0,2,1
271,1,0,1,0,1,1,1,0,2,1
272,1,0,1,2,1,1,1,0,2,1
273,1,0,1,2,1,1,1,0,2,1
274,1,0,1,2,1,1,1,0,2,1
275,1,0,1,0,1,1,1,0,2,1
276,1,0,1,2,1,1,1,0,2,1
277,1,0,1,2,1,1,1,0,2,1
278,1,0,1,0,1,1,1,0,2,1
279,1,0,1,2,1,1,1,0,2,1
280,1,0,1,0,1,1,1,0,2,1
281,1,0,1,2,1,1,1,0,2,1
282,1,0,1,0,1,1,1,0,2,1
283,1,0,1,2,1,1,1,0,2,1
284,1,0,1,0,2,1,1,0,2,1
285,1,0,1,0,2,1,1,0,2,1
286,1,0,2,0,2,1,1,0,3,1_2
287,1,0,1,0,1,1,1,0,2,1
288,1,0,1,0,2,1,1,0,2,1
289,1,0,1,0,2,1,1,0,2,1
290,1,0,1,0,2,1,1,0,2,1
291,1,0,1,2,1,1,1,0,2,1
292,1,0,1,0,2,1,1,0,2,1
293,1,0,1,0,1,1,1,0,2,1
294,1,0,1,2,1,1,1,0,2,1
295,1,0,1,2,1,1,1,0,2,1
296,1,0,1,0,2,1,1,0,2,1
297,1,0,1,0,1,1,1,0,2,1
298,1,0,1,2,1,1,1,0,2,1
299,1,0,1,2,1,1,1,0,2,1
300,1,0,1,2,1,1,1,0,2,1
301,1,0,1,0,1,1,1,0,2,1
302,1,0,1,0,1,1,1,0,2,1
303,1,0,1,2,1,1,1,0,2,1
304,1,0,1,2,1,1,1,0,2,1
305,1,0,1,0,2,1,1,0,2,1
306,1,0,1,2,1,1,1,0,2,1
307,1,0,1,2,1,1,1,0,2,1
308,1,0,1,2,1,1,1,0,2,1
309,1,0,1,0,2,1,1,0,2,1
310,1,0,1,2,1,1,1,0,2,1
311,1,0,1,2,1,1,1,0,2,1
312,1,0,1,0,2,1,1,0,2,1
313,1,0,1,0,2,1,1,0,2,1
314,1,0,1,0,2,1,1,0,2,1
315,1,0,1,2,1,1,1,0,2,1
316,1,0,1,2,1,1,1,0,2,1
317,1,0,1,2,1,1,1,0,2,1
318,1,0,1,0,1,1,1,0,2,1
319,1,0,1,0,1,1,1,0,2,1
320,1,0,1,2,1,1,1,0,2,1
321,1,0,1,2,1,1,1,0,2,1
322,1,0,1,0,1,1,1,0,2,1
323,1,0,1,2,1,1,1,0,2,1
324,1,0,1,2,1,1,1,0,2,1
325,1,0,1,0,1,1,1,0,2,1
326,1,0,1,2,1,1,1,0,2,1
327,1,0,1,2,1,1,1,0,2,1
328,1,0,1,2,1,1,1,0,2,1
329,1,0,1,2,1,1,1,0,2,1
330,1,0,1,2,1,1,1,0,2,1
331,1,0,1,2,1,1,1,0,2,1
332,1,0,1,2,1,1,1,0,2,1
333,1,0,1,2,1,1,1,0,2,1
334,1,0,1,0,2,1,1,0,2,1
335,1,0,1,2,1,1,1,0,2,1
336,1,0,1,0,1,1,1,0,2,1
337,1,0,1,0,1,1,1,0,2,1
338,1,0,1,0,2,1,1,0,2,1
339,1,0,1,2,1,1,1,0,2,1
340,1,0,1,2,1,1,1,0,2,1
341,1,0,1,2,1,1,1,0,2,1
342,1,0,1,2,1,1,1,0,2,1
343,1,0,1,0,1,1,1,0,2,1
344,1,0,1,0,2,1,1,0,2,1
345,1,0,1,0,2,1,1,0,2,1
346,1,0,1,2,1,1,1,0,2,1
347,1,0,1,2,1,1,1,0,2,1
348,1,0,1,0,1,1,1,0,2,1
349,1,0,1,2,1,1,1,0,2,1
350,1,0,1,2,1,1,1,0,2,1
351,1,0,1,0,1,1,1,0,2,1
352,1,0,1,2,1,1,1,0,2,1
353,1,0,1,0,1,1,1,0,2,1
354,1,0,1,0,2,1,1,0,2,1
355,1,0,1,0,1,1,1,0,2,1
356,1,0,1,2,1,1,1,0,2,1
357,1,0,1,2,1,1,1,0,2,1
358,1,0,1,0,1,1,1,0,2,1
359,1,0,1,0,2,1,1,0,2,1
360,1,0,1,2,1,1,1,0,2,1
361,1,0,1,2,1,1,1,0,2,1
362,1,0,1,0,2,1,1,0,2,1
363,1,0,1,0,1,1,1,0,2,1
364,1,0,1,2,1,1,1,0,2,1
365,1,0,1,0,1,1,1,0,2,1
366,1,0,1,2,1,1,1,0,2,1
367,1,0,1,2,1,1,1,0,2,1
368,1,0,1,0,1,1,1,0,2,1
369,1,0,1,2,1,1,1,0,2,1
370,1,0,1,2,1,1,1,0,2,1
371,1,0,1,2,1,1,1,0,2,1
372,1,0,1,2,1,1,1,0,2,1
373,1,0,1,0,1,1,1,0,2,1
374,1,0,1,2,1,1,1,0,2,1
375,1,0,1,2,1,1,1,0,2,1
376,1,0,1,2,1,1,1,0,2,1
377,1,0,1,0,2,1,1,0,2,1
378,1,0,1,2,1,1,1,0,2,1
379,1,0,1,2,1,1,1,0,2,1
380,1,0,1,0,1,1,1,0,2,1
381,1,0,1,2,1,1,1,0,2,1
382,1,0,1,0,1,1,1,0,2,1
383,1,0,1,0,1,1,1,0,2,1
384,1,0,1,0,1,1,1,0,2,1
385,1,0,1,2,1,1,1,0,2,1
386,1,0,1,2,1,1,1,0,2,1
387,1,0,1,0,2,1,1,0,2,1
388,1,0,1,0,1,1,1,0,2,1
389,1,0,1,2,1,1,1,0,2,1
390,1,0,1,0,1,1,1,0,2,1
391,1,0,1,2,1,1,1,0,2,1
392,1,0,1,0,1,1,1,0,2,1
393,1,0,1,2,1,1,1,0,2,1
394,1,0,2,0,2,1,1,0,2,1_2
395,1,0,1,2,1,1,1,0,2,1
396,1,0,1,2,1,1,1,0,2,1
397,1,0,1,2,1,1,1,0,2,1
398,1,0,1,0,2,1,1,0,2,1
399,1,0,1,2,1,1,1,0,2,1
400,1,0,1,2,1,1,1,0,2,1
401,1,0,1,0,1,1,1,0,2,1
402,1,0,1,2,1,1,1,0,2,1
403,1,0,2,2,2,1,1,0,2,1
404,1,0,1,0,1,1,1,0,2,1
405,1,0,1,2,1,1,1,0,2,1
406,1,0,1,2,1,1,1,0,2,1
407,1,0,1,0,1,1,1,0,2,1
408,1,0,1,2,1,1,1,0,2,1
409,1,0,1,2,1,1,1,0,2,1
410,1,0,1,0,1,1,1,0,2,1
411,1,0,1,0,1,1,1,0,2,1
412,1,0,1,0,1,1,1,0,2,1
413,1,0,1,0,2,1,1,0,2,1
414,1,0,1,2,1,1,1,0,2,1
415,1,0,1,2,1,1,1,0,2,1
416,1,0,1,2,1,1,1,0,2,1
417,1,0,1,0,1,1,1,0,2,1
418,1,0,1,0,1,1,1,0,2,1
419,1,0,1,2,1,1,1,0,2,1
420,1,0,1,0,1,1,1,0,2,1
421,1,0,1,0,1,1,1,0,2,1
422,1,0,1,2,1,1,1,0,2,1
423,1,0,1,0,2,1,1,0,2,1
424,1,0,1,2,1,1,1,0,2,1
425,1,0,1,2,1,1,1,0,2,1
426,1,0,1,2,1,1,1,0,2,1
427,1,0,1,2,1,1,1,0,2,1
428,1,0,1,0,1,1,1,0,2,1
429,1,0,1,0,1,1,1,0,2,1
430,1,0,1,2,1,1,1,0,2,1
431,1,0,1,0,1,1,1,0,2,1
432,1,0,1,0,1,1,1,0,2,1
433,1,0,1,0,1,1,1,0,2,1
434,1,0,1,0,1,1,1,0,2,1
435,1,0,1,2,1,1,1,0,2,1
436,1,0,1,0,1,1,1,0,2,1
437,1,0,1,2,1,1,1,0,2,1
438,1,0,1,2,1,1,1,0,2,1
439,1,0,1,2,1,1,1,0,2,1
440,1,0,1,2,1,1,1,0,2,1
441,1,0,1,2,1,1,1,0,2,1
442,1,0,1,2,1,1,1,0,2,1
443,1,0,1,0,2,1,1,0,2,1
444,1,0,1,2,1,1,1,0,2,1
445,1,0,1,0,1,1,1,0,2,1
446,1,0,1,2,1,1,1,0,2,1
447,1,0,1,0,1,1,1,0,2,1
448,1,0,1,0,1,1,1,0,2,1
449,1,0,1,2,1,1,1,0,2,1
450,1,0,1,2,1,1,1,0,2,1
451,1,0,1,2,1,1,1,0,2,1
452,1,0,1,0,1,1,1,0,2,1
453,1,0,1,2,1,1,1,0,2,1
454,1,0,1,2,1,1,1,0,2,1
455,1,0,1,2,1,1,1,0,2,1
456,1,0,1,2,1,1,1,0,2,1
457,1,0,1,2,1,1,1,0,2,1
458,1,0,2,0,2,1,1,0,3,1_2
459,1,0,1,2,1,1,1,0,2,1
460,1,0,1,0,1,1,1,0,2,1
461,1,0,1,0,1,1,1,0,2,1
462,1,0,1,2,1,1,1,0,2,1
463,1,0,1,2,1,1,1,0,2,1
464,1,0,1,0,1,1,1,0,2,1
465,1,0,1,0,1,1,1,0,2,1
466,1,0,1,0,2,1,1,0,2,1
467,1,0,2,0,2,1,1,0,3,1_2
468,1,0,1,2,1,1,1,0,2,1
469,1,0,1,2,1,1,1,0,2,1
470,1,0,1,0,1,1,1,0,2,1
471,1,0,1,0,2,1,1,0,2,1
472,1,0,1,0,2,1,1,0,2,1
473,1,0,1,0,1,1,1,0,2,1
474,1,0,1,0,1,1,1,0,2,1
475,1,0,1,2,1,1,1,0,2,1
476,1,0,2,0,2,1,1,0,3,1_2
477,1,0,1,2,1,1,1,0,2,1
478,1,0,1,0,1,1,1,0,2,1
479,1,0,1,0,1,1,1,0,2,1
480,1,0,1,2,1,1,1,0,2,1
481,1,0,1,0,1,1,1,0,2,1
482,1,0,1,0,1,1,1,0,2,1
483,1,0,1,2,1,1,1,0,2,1
484,1,0,2,0,2,1,1,0,3,1_2
485,1,0,1,0,1,1,1,0,2,1
486,1,0,1,2,1,1,1,0,2,1
487,1,0,1,0,1,1,1,0,2,1
488,1,0,1,0,1,1,1,0,2,1
489,1,0,1,2,1,1,1,0,2,1
490,1,0,1,2,1,1,1,0,2,1
491,1,0,1,2,1,1,1,0,2,1
492,1,0,1,2,1,1,1,0,2,1
493,1,0,1,0,1,1,1,0,2,1
494,1,0,1,0,1,1,1,0,2,1
495,1,0,1,0,2,1,1,0,2,1
496,1,0,1,2,1,1,1,0,2,1
497,1,0,1,2,1,1,1,0,2,1
498,1,0,1,2,1,1,1,0,2,1
499,1,0,1,2,1,1,1,0,2,1
500,0,1,0,1,0,2,0,1,1,2
501,0,1,0,1,0,2,0,1,1,2
502,0,1,0,1,0,2,0,1,1,2
503,0,1,0,1,0,2,0,1,1,2
504,0,1,0,0,0,2,0,1,1,2
505,0,1,0,1,0,2,0,1,1,2
506,0,1,0,1,0,2,0,1,1,2
507,0,1,0,1,0,2,0,1,1,2
508,0,1,0,1,0,2,0,1,1,2
509,0,1,0,1,0,2,0,1,1,2
510,0,1,0,1,0,2,0,1,1,2
511,0,1,0,1,0,2,0,1,1,2
512,0,1,0,0,0,2,0,1,1,2
513,0,1,0,1,0,2,0,1,1,2
514,0,1,0,0,0,2,0,1,1,2
515,0,1,0,1,0,2,0,1,1,2
516,0,1,0,0,0,2,0,1,1,2
517,0,1,2,0,0,2,0,1,3,1_2
518,0,1,0,1,0,2,0,1,1,2
519,0,1,0,1,0,2,0,1,1,2
520,0,1,0,0,0,2,0,1,1,2
521,0,1,2,0,0,2,0,1,3,1_2
522,0,1,0,1,0,2,0,1,1,2
523,0,1,0,0,0,2,0,1,1,2
524,0,1,0,1,0,2,0,1,1,2
525,0,1,0,1,0,2,0,1,1,2
526,0,1,0,0,0,2,0,1,1,2
527,0,1,0,0,0,2,0,1,1,2
528,0,1,0,0,0,2,0,1,1,2
529,0,1,0,0,0,2,0,1,1,2
530,0,1,0,0,0,2,0,1,1,2
531,0,1,0,1,0,2,0,1,1,2
532,0,1,0,0,0,2,0,1,1,2
533,0,1,0,1,0,2,0,1,1,2
534,0,1,0,1,0,2,0,1,1,2
535,0,1,0,0,0,2,0,1,1,2
536,0,1,0,1,0,2,0,1,1,2
537,0,1,0,1,0,2,0,1,1,2
538,0,1,0,1,0,2,0,1,1,2
539,0,1,0,0,0,2,0,1,1,2
540,0,1,0,1,0,2,0,1,1,2
541,0,1,0,0,0,2,0,1,1,2
542,0,1,0,1,0,2,0,1,1,2
543,0,1,0,1,0,2,0,1,1,2
544,0,1,0,1,0,2,0,1,1,2
545,0,1,0,1,0,2,0,1,1,2
546,0,1,0,0,0,2,0,1,1,2
547,0,1,2,0,0,2,0,1,1,1_2
548,0,1,0,1,0,2,0,1,1,2
549,0,1,0,0,0,2,0,1,1,2
550,0,1,0,0,0,2,0,1,1,2
551,0,1,0,0,0,2,0,1,1,2
552,0,1,0,1,0,2,0,1,1,2
553,0,1,0,0,0,2,0,1,1,2
554,0,1,0,1,0,2,0,1,1,2
555,0,1,0,0,0,2,0,1,1,2
556,0,1,0,1,0,2,0,1,1,2
557,0,1,0,0,0,2,0,1,1,2
558,0,1,0,0,0,2,0,1,1,2
559,0,1,0,1,0,2,0,1,1,2
560,0,1,0,0,0,2,0,1,1,2
561,0,1,0,1,0,2,0,1,1,2
562,0,1,2,0,0,2,0,1,2,1_2
563,0,1,0,1,0,2,0,1,1,2
564,0,1,0,1,0,2,0,1,1,2
565,0,1,0,1,0,2,0,1,1,2
566,0,1,0,0,0,2,0,1,1,2
567,0,1,0,1,0,2,0,1,1,2
568,0,1,0,0,0,2,0,1,1,2
569,0,1,0,1,0,2,0,1,1,2
570,0,1,0,0,0,2,0,1,1,2
571,0,1,0,0,0,2,0,1,1,2
572,0,1,2,0,0,2,0,1,3,1_2
573,0,1,0,1,0,2,0,1,1,2
574,0,1,0,1,0,2,0,1,1,2
575,0,1,0,1,0,2,0,1,1,2
576,0,1,0,0,0,2,0,1,1,2
577,0,1,0,0,0,2,0,1,1,2
578,0,1,0,1,0,2,0,1,1,2
579,0,1,2,0,0,2,0,1,1,1_2
580,0,1,0,1,0,2,0,1,1,2
581,0,1,0,1,0,2,0,1,1,2
582,0,1,0,1,0,2,0,1,1,2
583,0,1,0,0,0,2,0,1,1,2
584,0,1,0,1,0,2,0,1,1,2
585,0,1,0,0,0,2,0,1,1,2
586,0,1,0,1,0,2,0,1,1,2
587,0,1,0,0,0,2,0,1,1,2
588,0,1,0,0,0,2,0,1,1,2
589,0,1,0,1,0,2,0,1,1,2
590,0,1,0,1,0,2,0,1,1,2
591,0,1,0,1,0,2,0,1,1,2
592,0,1,0,0,0,2,0,1,1,2
593,0,1,0,0,0,2,0,1,1,2
594,0,1,0,0,0,2,0,1,1,2
595,0,1,0,1,0,2,0,1,1,2
596,0,1,0,1,0,2,0,1,1,2
597,0,1,0,1,0,2,0,1,1,2
598,0,1,0,0,0,2,0,1,1,2
599,0,1,0,1,0,2,0,1,1,2
600,0,1,0,1,0,2,0,1,1,2
601,0,1,0,1,0,2,0,1,1,2
602,0,1,0,0,0,2,0,1,1,2
603,0,1,0,0,0,2,0,1,1,2
604,0,1,0,1,0,2,0,1,1,2
605,0,1,0,1,0,2,0,1,1,2
606,0,1,0,1,0,2,0,1,1,2
607,0,1,0,0,0,2,0,1,1,2
608,0,1,0,0,0,2,0,1,1,2
609,0,1,0,1,0,2,0,1,1,2
610,0,1,0,1,0,2,0,1,1,2
611,0,1,0,0,0,2,0,1,1,2
612,0,1,0,1,0,2,0,1,1,2
613,0,1,0,1,0,2,0,1,1,2
614,0,1,0,1,0,2,0,1,1,2
615,0,1,0,1,0,2,0,1,1,2
616,0,1,0,0,0,2,0,1,1,2
617,0,1,0,1,0,2,0,1,1,2
618,0,1,0,1,0,2,0,1,1,2
619,0,1,0,1,0,2,0,1,1,2
620,0,1,0,1,0,2,0,1,1,2
621,0,1,0,1,0,2,0,1,1,2
622,0,1,0,1,0,2,0,1,1,2
623,0,1,0,0,0,2,0,1,1,2
624,0,1,0,0,0,2,0,1,1,2
625,0,1,0,1,0,2,0,1,1,2
626,0,1,0,1,0,2,0,1,1,2
627,0,1,0,0,0,2,0,1,1,2
628,0,1,0,1,0,2,0,1,1,2
629,0,1,0,1,0,2,0,1,1,2
630,0,1,0,1,0,2,0,1,1,2
631,0,1,0,1,0,2,0,1,1,2
632,0,1,0,0,0,2,0,1,1,2
633,0,1,0,0,0,2,0,1,1,2
634,0,1,0,1,0,2,0,1,1,2
635,0,1,0,1,0,2,0,1,1,2
636,0,1,0,1,0,2,0,1,1,2
637,0,1,0,1,0,2,0,1,1,2
638,0,1,0,0,0,2,0,1,1,2
639,0,1,0,0,0,2,0,1,1,2
640,0,1,0,1,0,2,0,1,1,2
641,0,1,0,1,0,2,0,1,1,2
642,0,1,0,1,0,2,0,1,1,2
643,0,1,0,0,0,2,0,1,1,2
644,0,1,0,1,0,2,0,1,1,2
645,0,1,0,1,0,2,0,1,1,2
646,0,1,0,0,0,2,0,1,1,2
647,0,1,0,1,0,2,0,1,1,2
648,0,1,0,0,0,2,0,1,1,2
649,0,1,0,0,0,2,0,1,1,2
650,0,1,0,1,0,2,0,1,1,2
651,0,1,0,1,0,2,0,1,1,2
652,0,1,0,1,0,2,0,1,1,2
653,0,1,0,0,0,2,0,1,1,2
654,0,1,0,1,0,2,0,1,1,2
655,0,1,0,0,0,2,0,1,1,2
656,0,1,0,1,0,2,0,1,1,2
657,0,1,0,1,0,2,0,1,1,2
658,0,1,0,0,0,2,0,1,1,2
659,0,1,0,1,0,2,0,1,1,2
660,0,1,0,1,0,2,0,1,1,2
661,0,1,0,1,0,2,0,1,1,2
662,0,1,0,1,0,2,0,1,1,2
663,0,1,0,1,0,2,0,1,1,2
664,0,1,0,0,0,2,0,1,1,2
665,0,1,2,0,0,2,0,1,1,1_2
666,0,1,0,0,0,2,0,1,1,2
667,0,1,0,1,0,2,0,1,1,2
668,0,1,0,0,0,2,0,1,1,2
669,0,1,0,0,0,2,0,1,1,2
670,0,1,0,1,0,2,0,1,1,2
671,0,1,0,1,0,2,0,1,1,2
672,0,1,0,1,0,2,0,1,1,2
673,0,1,0,1,0,2,0,1,1,2
674,0,1,2,0,0,2,0,1,1,1_2
675,0,1,0,1,0,2,0,1,1,2
676,0,1,0,1,0,2,0,1,1,2
677,0,1,0,0,0,2,0,1,1,2
678,0,1,0,1,0,2,0,1,1,2
679,0,1,0,1,0,2,0,1,1,2
680,0,1,0,1,0,2,0,1,1,2
681,0,1,0,0,0,2,0,1,1,2
682,0,1,2,0,0,2,0,1,1,1_2
683,0,1,0,0,0,2,0,1,1,2
684,0,1,0,0,0,2,0,1,1,2
685,0,1,0,1,0,2,0,1,1,2
686,0,1,0,1,0,2,0,1,1,2
687,0,1,2,0,0,2,0,1,2,1_2
688,0,1,0,1,0,2,0,1,1,2
689,0,1,0,0,0,2,0,1,1,2
690,0,1,0,0,0,2,0,1,1,2
691,0,1,0,1,0,2,0,1,1,2
692,0,1,0,1,0,2,0,1,1,2
693,0,1,0,1,0,2,0,1,1,2
694,0,1,0,1,0,2,0,1,1,2
695,0,1,0,1,0,2,0,1,1,2
696,0,1,0,1,0,2,0,1,1,2
697,0,1,0,1,0,2,0,1,1,2
698,0,1,0,0,0,2,0,1,1,2
699,0,1,0,1,0,2,0,1,1,2
700,0,1,0,1,0,2,0,1,1,2
701,0,1,2,1,0,2,0,1,1,2
702,0,1,2,0,0,2,0,1,1,1_2
703,0,1,0,1,0,2,0,1,1,2
704,0,1,0,0,0,2,0,1,1,2
705,0,1,0,1,0,2,0,1,1,2
706,0,1,0,1,0,2,0,1,1,2
707,0,1,0,0,0,2,0,1,1,2
708,0,1,0,1,0,2,0,1,1,2
709,0,1,0,1,0,2,0,1,1,2
710,0,1,0,0,0,2,0,1,1,2
711,0,1,0,1,0,2,0,1,1,2
712,0,1,0,0,0,2,0,1,1,2
713,0,1,0,1,0,2,0,1,1,2
714,0,1,0,1,0,2,0,1,1,2
715,0,1,0,0,0,2,0,1,1,2
716,0,1,0,0,0,2,0,1,1,2
717,0,1,0,1,0,2,0,1,1,2
718,0,1,0,1,0,2,0,1,1,2
719,0,1,0,0,0,2,0,1,1,2
720,0,1,0,1,0,2,0,1,1,2
721,0,1,0,1,0,2,0,1,1,2
722,0,1,0,1,0,2,0,1,1,2
723,0,1,0,1,0,2,0,1,1,2
724,0,1,0,1,0,2,0,1,1,2
725,0,1,0,1,0,2,0,1,1,2
726,0,1,0,1,0,2,0,1,1,2
727,0,1,0,0,0,2,0,1,1,2
728,0,1,0,1,0,2,0,1,1,2
729,0,1,0,1,0,2,0,1,1,2
730,0,1,0,1,0,2,0,1,1,2
731,0,1,0,1,0,2,0,1,1,2
732,0,1,0,1,0,2,0,1,1,2
733,0,1,0,1,0,2,0,1,1,2
734,0,1,0,1,0,2,0,1,1,2
735,0,1,0,0,0,2,0,1,1,2
736,0,1,0,0,0,2,0,1,1,2
737,0,1,0,0,0,2,0,1,1,2
738,0,1,0,0,0,2,0,1,1,2
739,0,1,0,1,0,2,0,1,1,2
740,0,1,0,0,0,2,0,1,1,2
741,0,1,0,0,0,2,0,1,1,2
742,0,1,2,0,0,2,0,1,3,1_2
743,0,1,0,1,0,2,0,1,1,2
744,0,1,0,1,0,2,0,1,1,2
745,0,1,0,1,0,2,0,1,1,2
746,0,1,0,0,0,2,0,1,1,2
747,0,1,0,0,0,2,0,1,1,2
748,0,1,0,0,0,2,0,1,1,2
749,0,1,0,1,0,2,0,1,1,2
750,0,1,2,0,0,2,0,1,1,1_2
751,0,1,0,1,0,2,0,1,1,2
752,0,1,0,1,0,2,0,1,1,2
753,0,1,0,0,0,2,0,1,1,2
754,0,1,0,0,0,2,0,1,1,2
755,0,1,0,1,0,2,0,1,1,2
756,0,1,0,1,0,2,0,1,1,2
757,0,1,2,0,0,2,0,1,1,1_2
758,0,1,0,1,0,2,0,1,1,2
759,0,1,0,1,0,2,0,1,1,2
760,0,1,0,1,0,2,0,1,1,2
761,0,1,0,1,0,2,0,1,1,2
762,0,1,0,1,0,2,0,1,1,2
763,0,1,0,0,0,2,0,1,1,2
764,0,1,0,1,0,2,0,1,1,2
765,0,1,0,1,0,2,0,1,1,2
766,0,1,0,0,0,2,0,1,1,2
767,0,1,0,1,0,2,0,1,1,2
768,0,1,0,1,0,2,0,1,1,2
769,0,1,0,1,0,2,0,1,1,2
770,0,1,2,0,0,2,0,1,3,1_2
771,0,1,0,0,0,2,0,1,1,2
772,0,1,2,0,0,2,0,1,3,1_2
773,0,1,0,0,0,2,0,1,1,2
774,0,1,0,1,0,2,0,1,1,2
775,0,1,0,1,0,2,0,1,1,2
776,0,1,0,1,0,2,0,1,1,2
777,0,1,0,0,0,2,0,1,1,2
778,0,1,0,1,0,2,0,1,1,2
779,0,1,0,1,0,2,0,1,1,2
780,0,1,0,0,0,2,0,1,1,2
781,0,1,0,1,0,2,0,1,1,2
782,0,1,0,0,0,2,0,1,1,2
783,0,1,0,1,0,2,0,1,1,2
784,0,1,0,0,0,2,0,1,1,2
785,0,1,0,1,0,2,0,1,1,2
786,0,1,0,1,0,2,0,1,1,2
787,0,1,0,1,0,2,0,1,1,2
788,0,1,0,1,0,2,0,1,1,2
789,0,1,0,1,0,2,0,1,1,2
790,0,1,0,0,0,2,0,1,1,2
791,0,1,0,0,0,2,0,1,1,2
792,0,1,0,0,0,2,0,1,1,2
793,0,1,0,0,0,2,0,1,1,2
794,0,1,0,1,0,2,0,1,1,2
795,0,1,0,1,0,2,0,1,1,2
796,0,1,0,0,0,2,0,1,1,2
797,0,1,0,0,0,2,0,1,1,2
798,0,1,0,0,0,2,0,1,1,2
799,0,1,0,1,0,2,0,1,1,2
800,0,1,2,0,0,2,0,1,1,1_2
801,0,1,0,1,0,2,0,1,1,2
802,0,1,0,1,0,2,0,1,1,2
803,0,1,0,0,0,2,0,1,1,2
804,0,1,0,1,0,2,0,1,1,2
805,0,1,0,1,0,2,0,1,1,2
806,0,1,0,1,0,2,0,1,1,2
807,0,1,0,1,0,2,0,1,1,2
808,0,1,0,1,0,2,0,1,1,2
809,0,1,0,1,0,2,0,1,1,2
810,0,1,0,1,0,2,0,1,1,2
811,0,1,0,1,0,2,0,1,1,2
812,0,1,0,0,0,2,0,1,1,2
813,0,1,0,0,0,2,0,1,1,2
814,0,1,0,1,0,2,0,1,1,2
815,0,1,0,0,0,2,0,1,1,2
816,0,1,0,1,0,2,0,1,1,2
817,0,1,0,1,0,2,0,1,1,2
818,0,1,0,0,0,2,0,1,1,2
819,0,1,0,0,0,2,0,1,1,2
820,0,1,0,1,0,2,0,1,1,2
821,0,1,0,1,0,2,0,1,1,2
822,0,1,0,0,0,2,0,1,1,2
823,0,1,0,0,0,2,0,1,1,2
824,0,1,0,1,0,2,0,1,1,2
825,0,1,0,1,0,2,0,1,1,2
826,0,1,0,1,0,2,0,1,1,2
827,0,1,0,0,0,2,0,1,1,2
828,0,1,0,1,0,2,0,1,1,2
829,0,1,2,1,0,2,0,1,1,2
830,0,1,0,0,0,2,0,1,1,2
831,0,1,0,0,0,2,0,1,1,2
832,0,1,0,1,0,2,0,1,1,2
833,0,1,0,1,0,2,0,1,1,2
834,0,1,0,0,0,2,0,1,1,2
835,0,1,0,0,0,2,0,1,1,2
836,0,1,0,1,0,2,0,1,1,2
837,0,1,0,1,0,2,0,1,1,2
838,0,1,0,0,0,2,0,1,1,2
839,0,1,0,1,0,2,0,1,1,2
840,0,1,0,0,0,2,0,1,1,2
841,0,1,0,0,0,2,0,1,1,2
842,0,1,0,1,0,2,0,1,1,2
843,0,1,0,0,0,2,0,1,1,2
844,0,1,0,0,0,2,0,1,1,2
845,0,1,0,1,0,2,0,1,1,2
846,0,1,0,1,0,2,0,1,1,2
847,0,1,0,0,0,2,0,1,1,2
848,0,1,0,0,0,2,0,1,1,2
849,0,1,0,1,0,2,0,1,1,2
850,0,1,0,1,0,2,0,1,1,2
851,0,1,0,1,0,2,0,1,1,2
852,0,1,0,1,0,2,0,1,1,2
853,0,1,0,0,0,2,0,1,1,2
854,0,1,0,0,0,2,0,1,1,2
855,0,1,0,1,0,2,0,1,1,2
856,0,1,0,0,0,2,0,1,1,2
857,0,1,0,1,0,2,0,1,1,2
858,0,1,0,0,0,2,0,1,1,2
859,0,1,0,1,0,2,0,1,1,2
860,0,1,0,1,0,2,0,1,1,2
861,0,1,0,1,0,2,0,1,1,2
862,0,1,0,0,0,2,0,1,1,2
863,0,1,0,0,0,2,0,1,1,2
864,0,1,0,0,0,2,0,1,1,2
865,0,1,0,1,0,2,0,1,1,2
866,0,1,2,0,0,2,0,1,3,1_2
867,0,1,0,1,0,2,0,1,1,2
868,0,1,0,1,0,2,0,1,1,2
869,0,1,0,0,0,2,0,1,1,2
870,0,1,0,1,0,2,0,1,1,2
871,0,1,2,0,0,2,0,1,3,1_2
872,0,1,0,0,0,2,0,1,1,2
873,0,1,0,1,0,2,0,1,1,2
874,0,1,2,0,0,2,0,1,1,1_2
875,0,1,0,0,0,2,0,1,1,2
876,0,1,0,1,0,2,0,1,1,2
877,0,1,0,1,0,2,0,1,1,2
878,0,1,0,1,0,2,0,1,1,2
879,0,1,0,1,0,2,0,1,1,2
880,0,1,0,1,0,2,0,1,1,2
881,0,1,0,1,0,2,0,1,1,2
882,0,1,0,1,0,2,0,1,1,2
883,0,1,0,1,0,2,0,1,1,2
884,0,1,0,1,0,2,0,1,1,2
885,0,1,0,0,0,2,0,1,1,2
886,0,1,0,1,0,2,0,1,1,2
887,0,1,0,0,0,2,0,1,1,2
888,0,1,0,1,0,2,0,1,1,2
889,0,1,0,1,0,2,0,1,1,2
890,0,1,0,1,0,2,0,1,1,2
891,0,1,0,0,0,2,0,1,1,2
892,0,1,0,1,0,2,0,1,1,2
893,0,1,0,1,0,2,0,1,1,2
894,0,1,0,0,0,2,0,1,1,2
895,0,1,0,1,0,2,0,1,1,2
896,0,1,0,1,0,2,0,1,1,2
897,0,1,0,0,0,2,0,1,1,2
898,0,1,0,0,0,2,0,1,1,2
899,0,1,0,0,0,2,0,1,1,2
900,0,1,0,1,0,2,0,1,1,2
901,0,1,0,0,0,2,0,1,1,2
902,0,1,0,1,0,2,0,1,1,2
903,0,1,0,1,0,2,0,1,1,2
904,0,1,0,0,0,2,0,1,1,2
905,0,1,0,1,0,2,0,1,1,2
906,0,1,0,1,0,2,0,1,1,2
907,0,1,0,1,0,2,0,1,1,2
908,0,1,0,1,0,2,0,1,1,2
909,0,1,0,1,0,2,0,1,1,2
910,0,1,0,1,0,2,0,1,1,2
911,0,1,0,0,0,2,0,1,1,2
912,0,1,0,0,0,2,0,1,1,2
913,0,1,0,0,0,2,0,1,1,2
914,0,1,0,0,0,2,0,1,1,2
915,0,1,0,1,0,2,0,1,1,2
916,0,1,0,0,0,2,0,1,1,2
917,0,1,0,0,0,2,0,1,1,2
918,0,1,0,0,0,2,0,1,1,2
919,0,1,0,0,0,2,0,1,1,2
920,0,1,0,0,0,2,0,1,1,2
921,0,1,0,1,0,2,0,1,1,2
922,0,1,0,1,0,2,0,1,1,2
923,0,1,0,0,0,2,0,1,1,2
924,0,1,0,1,0,2,0,1,1,2
925,0,1,0,0,0,2,0,1,1,2
926,0,1,0,1,0,2,0,1,1,2
927,0,1,0,1,0,2,0,1,1,2
928,0,1,0,0,0,2,0,1,1,2
929,0,1,0,1,0,2,0,1,1,2
930,0,1,0,1,0,2,0,1,1,2
931,0,1,0,0,0,2,0,1,1,2
932,0,1,0,1,0,2,0,1,1,2
933,0,1,0,0,0,2,0,1,1,2
934,0,1,0,0,0,2,0,1,1,2
935,0,1,0,1,0,2,0,1,1,2
936,0,1,0,0,0,2,0,1,1,2
937,0,1,0,1,0,2,0,1,1,2
938,0,1,0,0,0,2,0,1,1,2
939,0,1,0,0,0,2,0,1,1,2
940,0,1,0,0,0,2,0,1,1,2
941,0,1,0,1,0,2,0,1,1,2
942,0,1,0,1,0,2,0,1,1,2
943,0,1,0,1,0,2,0,1,1,2
944,0,1,0,1,0,2,0,1,1,2
945,0,1,0,0,0,2,0,1,1,2
946,0,1,0,1,0,2,0,1,1,2
947,0,1,0,1,0,2,0,1,1,2
948,0,1,0,1,0,2,0,1,1,2
949,0,1,0,1,0,2,0,1,1,2
950,0,1,0,1,0,2,0,1,1,2
951,0,1,0,1,0,2,0,1,1,2
952,0,1,0,1,0,2,0,1,1,2
953,0,1,0,0,0,2,0,1,1,2
954,0,1,0,1,0,2,0,1,1,2
955,0,1,0,1,0,2,0,1,1,2
956,0,1,0,1,0,2,0,1,1,2
957,0,1,0,0,0,2,0,1,1,2
958,0,1,0,1,0,2,0,1,1,2
959,0,1,0,1,0,2,0,1,1,2
960,0,1,0,0,0,2,0,1,1,2
961,0,1,0,0,0,2,0,1,1,2
962,0,1,0,0,0,2,0,1,1,2
963,0,1,0,0,0,2,0,1,1,2
964,0,1,0,1,0,2,0,1,1,2
965,0,1,0,0,0,2,0,1,1,2
966,0,1,0,1,0,2,0,1,1,2
967,0,1,0,0,0,2,0,1,1,2
968,0,1,0,0,0,2,0,1,1,2
969,0,1,0,1,0,2,0,1,1,2
970,0,1,0,1,0,2,0,1,1,2
971,0,1,0,1,0,2,0,1,1,2
972,0,1,0,1,0,2,0,1,1,2
973,0,1,0,0,0,2,0,1,1,2
974,0,1,0,1,0,2,0,1,1,2
975,0,1,0,0,0,2,0,1,1,2
976,0,1,0,0,0,2,0,1,1,2
977,0,1,0,1,0,2,0,1,1,2
978,0,1,0,1,0,2,0,1,1,2
979,0,1,0,1,0,2,0,1,1,2
980,0,1,0,0,0,2,0,1,1,2
981,0,1,0,1,0,2,0,1,1,2
982,0,1,0,0,0,2,0,1,1,2
983,0,1,0,1,0,2,0,1,1,2
984,0,1,0,1,0,2,0,1,1,2
985,0,1,0,1,0,2,0,1,1,2
986,0,1,0,1,0,2,0,1,1,2
987,0,1,0,1,0,2,0,1,1,2
988,0,1,2,0,0,2,0,1,2,1_2
989,0,1,0,0,0,2,0,1,1,2
990,0,1,0,0,0,2,0,1,1,2
991,0,1,0,1,0,2,0,1,1,2
992,0,1,0,1,0,2,0,1,1,2
993,0,1,0,1,0,2,0,1,1,2
994,0,1,0,0,0,2,0,1,1,2
995,0,1,0,1,0,2,0,1,1,2
996,0,1,2,0,0,2,0,1,1,1_2
997,0,1,0,1,0,2,0,1,1,2
998,0,1,0,1,0,2,0,1,1,2
999,0,1,0,1,0,2,0,1,1,2
