"","x","y","coords.x","coords.y","CellType","ImageNb","aggregatedNeighbors.type1","aggregatedNeighbors.type2","clustered_neighbors"
"1",0.644882082765286,0.226739277806669,0.644882082765286,0.226739277806669,"type1","1",1,0,"2"
"2",1.21407219196177,0.06326009285998,1.21407219196177,0.06326009285998,"type1","1",1,0,"2"
"3",1.25537305711488,1.49230932202572,1.25537305711488,1.49230932202572,"type1","1",1,0,"2"
"4",1.4947953428114,1.20176715397291,1.4947953428114,1.20176715397291,"type1","1",1,0,"2"
"5",0.838479041670669,0.045415142378911,0.838479041670669,0.045415142378911,"type1","1",1,0,"2"
"6",0.246434216562328,1.95270569006127,0.246434216562328,1.95270569006127,"type1","1",1,0,"2"
"7",1.70073008989995,0.291680746507886,1.70073008989995,0.291680746507886,"type1","1",1,0,"2"
"8",1.68422059092048,1.98676803129922,1.68422059092048,1.98676803129922,"type1","1",1,0,"2"
"9",1.48888737811819,1.88442358030002,1.48888737811819,1.88442358030002,"type1","1",1,0,"2"
"10",1.93487765872574,0.386546296401663,1.93487765872574,0.386546296401663,"type1","1",1,0,"2"
"11",1.92824728654666,1.67222316485707,1.92824728654666,1.67222316485707,"type1","1",1,0,"2"
"12",0.648469512995755,1.4832150792423,0.648469512995755,1.4832150792423,"type1","1",1,0,"2"
"13",1.98164361226723,1.22208527195046,1.98164361226723,1.22208527195046,"type1","1",0.8,0.2,"2"
"14",1.16500824692261,0.559098858132901,1.16500824692261,0.559098858132901,"type1","1",1,0,"2"
"15",1.88197384291825,1.39116893882436,1.88197384291825,1.39116893882436,"type1","1",1,0,"2"
"16",0.400582477359199,1.28885483009788,0.400582477359199,1.28885483009788,"type1","1",1,0,"2"
"17",0.713391154647886,1.56473333524226,0.713391154647886,1.56473333524226,"type1","1",1,0,"2"
"18",1.94766876754352,1.58907855895027,1.94766876754352,1.58907855895027,"type1","1",1,0,"2"
"19",0.516650817319575,0.63352159963897,0.516650817319575,0.63352159963897,"type1","1",1,0,"2"
"20",1.67351194914528,1.99571490730857,1.67351194914528,1.99571490730857,"type1","1",1,0,"2"
"21",0.938088155487025,0.662980809032754,0.938088155487025,0.662980809032754,"type1","1",1,0,"2"
"22",1.59683372024591,0.39791609566029,1.59683372024591,0.39791609566029,"type1","1",1,0,"2"
"23",0.674233173893428,0.746991061599806,0.674233173893428,0.746991061599806,"type1","1",1,0,"2"
"24",1.13247398211071,0.50070522415386,1.13247398211071,0.50070522415386,"type1","1",1,0,"2"
"25",1.77808619462656,1.25497612469945,1.77808619462656,1.25497612469945,"type1","1",1,0,"2"
"26",1.53153457457253,0.177766615874593,1.53153457457253,0.177766615874593,"type1","1",1,0,"2"
"27",1.83853745830192,1.97598908339983,1.83853745830192,1.97598908339983,"type1","1",1,0,"2"
"28",1.40626786096938,0.184715407461385,1.40626786096938,0.184715407461385,"type1","1",1,0,"2"
"29",0.554115442980093,1.77427362942318,0.554115442980093,1.77427362942318,"type1","1",1,0,"2"
"30",1.22103224328847,0.947309102854282,1.22103224328847,0.947309102854282,"type1","1",1,0,"2"
"31",0.199375639178147,0.0236673397642617,0.199375639178147,0.0236673397642617,"type1","1",1,0,"2"
"32",1.98536530282416,1.346704574806,1.98536530282416,1.346704574806,"type1","1",0.6,0.4,"3"
"33",1.4892438233338,1.02962682920278,1.4892438233338,1.02962682920278,"type1","1",1,0,"2"
"34",1.87079172999641,0.885448794722535,1.87079172999641,0.885448794722535,"type1","1",1,0,"2"
"35",0.316984727020262,1.2663655361303,0.316984727020262,1.2663655361303,"type1","1",1,0,"2"
"36",1.12957978318287,1.22043851238252,1.12957978318287,1.22043851238252,"type1","1",1,0,"2"
"37",0.674586398853124,1.99634707810556,0.674586398853124,1.99634707810556,"type1","1",1,0,"2"
"38",0.715374271730779,0.21962275014772,0.715374271730779,0.21962275014772,"type1","1",1,0,"2"
"39",0.593422735616051,0.833277179407082,0.593422735616051,0.833277179407082,"type1","1",1,0,"2"
"40",1.28731859326112,0.29094263139887,1.28731859326112,0.29094263139887,"type1","1",1,0,"2"
"41",1.3091261178782,0.192413035924709,1.3091261178782,0.192413035924709,"type1","1",1,0,"2"
"42",1.10685414912193,1.86566317498919,1.10685414912193,1.86566317498919,"type1","1",1,0,"2"
"43",1.28719894411656,1.71242945679503,1.28719894411656,1.71242945679503,"type1","1",1,0,"2"
"44",0.684548339277011,0.167279978853423,0.684548339277011,0.167279978853423,"type1","1",1,0,"2"
"45",1.52167844204704,0.806154358481947,1.52167844204704,0.806154358481947,"type1","1",1,0,"2"
"46",1.04063442884002,0.116535085198962,1.04063442884002,0.116535085198962,"type1","1",1,0,"2"
"47",1.49162409868945,0.714462656186181,1.49162409868945,0.714462656186181,"type1","1",1,0,"2"
"48",0.751408257001281,1.26911628273581,0.751408257001281,1.26911628273581,"type1","1",1,0,"2"
"49",0.415820349918617,1.38884096044009,0.415820349918617,1.38884096044009,"type1","1",1,0,"2"
"50",0.905616101266276,0.839787978723175,0.905616101266276,0.839787978723175,"type1","1",1,0,"2"
"51",0.584116844801129,0.740281192662271,0.584116844801129,0.740281192662271,"type1","1",1,0,"2"
"52",0.40061395258612,0.911912248306021,0.40061395258612,0.911912248306021,"type1","1",1,0,"2"
"53",1.70668391254417,1.57095270548334,1.70668391254417,1.57095270548334,"type1","1",1,0,"2"
"54",0.599027782016365,1.96789788206919,0.599027782016365,1.96789788206919,"type1","1",1,0,"2"
"55",0.345427904493945,0.40737339270937,0.345427904493945,0.40737339270937,"type1","1",1,0,"2"
"56",1.90882665375414,1.6876127650395,1.90882665375414,1.6876127650395,"type1","1",1,0,"2"
"57",0.0375352634197621,0.507211418777325,0.0375352634197621,0.507211418777325,"type1","1",1,0,"2"
"58",0.0439386611063723,0.704387385824928,0.0439386611063723,0.704387385824928,"type1","1",1,0,"2"
"59",1.41693894113113,0.250677255002257,1.41693894113113,0.250677255002257,"type1","1",1,0,"2"
"60",1.35830803749598,1.64780860292927,1.35830803749598,1.64780860292927,"type1","1",1,0,"2"
"61",0.0937620032081785,0.542284381566931,0.0937620032081785,0.542284381566931,"type1","1",1,0,"2"
"62",0.254095097622758,1.69658518225155,0.254095097622758,1.69658518225155,"type1","1",1,0,"2"
"63",0.240883245374178,1.63238284878624,0.240883245374178,1.63238284878624,"type1","1",1,0,"2"
"64",0.304636549800665,0.42562681460455,0.304636549800665,0.42562681460455,"type1","1",1,0,"2"
"65",1.518637087692,0.0873646885187562,1.518637087692,0.0873646885187562,"type1","1",1,0,"2"
"66",1.0557429870838,1.18139825285293,1.0557429870838,1.18139825285293,"type1","1",1,0,"2"
"67",1.80027464889553,0.810586772666733,1.80027464889553,0.810586772666733,"type1","1",1,0,"2"
"68",0.570116903878286,0.125906216690688,0.570116903878286,0.125906216690688,"type1","1",1,0,"2"
"69",1.7163987753688,1.4889006601234,1.7163987753688,1.4889006601234,"type1","1",1,0,"2"
"70",1.1302638371817,1.71941133864813,1.1302638371817,1.71941133864813,"type1","1",1,0,"2"
"71",0.258956560364994,0.779631564441595,0.258956560364994,0.779631564441595,"type1","1",1,0,"2"
"72",1.16039647770458,1.83542115527873,1.16039647770458,1.83542115527873,"type1","1",1,0,"2"
"73",0.696254014440729,1.55590945500205,0.696254014440729,1.55590945500205,"type1","1",1,0,"2"
"74",0.529325680827629,0.0191549619800874,0.529325680827629,0.0191549619800874,"type1","1",1,0,"2"
"75",1.56273157040456,1.38887551877752,1.56273157040456,1.38887551877752,"type1","1",1,0,"2"
"76",1.23347068431025,0.684144857038041,1.23347068431025,0.684144857038041,"type1","1",1,0,"2"
"77",0.766207881661544,0.79614869662156,0.766207881661544,0.79614869662156,"type1","1",1,0,"2"
"78",0.896841879247142,1.49019904867185,0.896841879247142,1.49019904867185,"type1","1",1,0,"2"
"79",1.90852981807384,1.54957804896382,1.90852981807384,1.54957804896382,"type1","1",1,0,"2"
"80",1.94080584705797,0.782196950661149,1.94080584705797,0.782196950661149,"type1","1",0.8,0.2,"2"
"81",1.96182553747561,1.35434702841856,1.96182553747561,1.35434702841856,"type1","1",0.8,0.2,"2"
"82",0.0613182513635117,0.749013108083545,0.0613182513635117,0.749013108083545,"type1","1",1,0,"2"
"83",0.204106906243096,1.70491044715493,0.204106906243096,1.70491044715493,"type1","1",1,0,"2"
"84",1.89265134328777,1.2310002384873,1.89265134328777,1.2310002384873,"type1","1",1,0,"2"
"85",0.741669702540578,0.416666051779883,0.741669702540578,0.416666051779883,"type1","1",1,0,"2"
"86",1.66843212374295,1.0419467513056,1.66843212374295,1.0419467513056,"type1","1",1,0,"2"
"87",1.32937727972251,0.425120554579852,1.32937727972251,0.425120554579852,"type1","1",1,0,"2"
"88",0.206721805452832,1.56663831871629,0.206721805452832,1.56663831871629,"type1","1",1,0,"2"
"89",1.61915548282968,0.771109053073598,1.61915548282968,0.771109053073598,"type1","1",1,0,"2"
"90",1.92849168743922,1.32242466850397,1.92849168743922,1.32242466850397,"type1","1",1,0,"2"
"91",1.09620822576062,1.15671469654267,1.09620822576062,1.15671469654267,"type1","1",1,0,"2"
"92",1.20758415264586,0.360260895643096,1.20758415264586,0.360260895643096,"type1","1",1,0,"2"
"93",1.9023707719258,0.124503062131436,1.9023707719258,0.124503062131436,"type1","1",0.4,0.6,"3"
"94",1.23548741749103,1.9232711898229,1.23548741749103,1.9232711898229,"type1","1",1,0,"2"
"95",1.01404492094541,0.268280923481583,1.01404492094541,0.268280923481583,"type1","1",1,0,"2"
"96",1.7603451250758,1.24181636380659,1.7603451250758,1.24181636380659,"type1","1",1,0,"2"
"97",1.06170619611725,0.825060932509803,1.06170619611725,0.825060932509803,"type1","1",1,0,"2"
"98",0.95892748858182,0.389045102462411,0.95892748858182,0.389045102462411,"type1","1",1,0,"2"
"99",1.84642058301836,1.44553846797601,1.84642058301836,1.44553846797601,"type1","1",1,0,"2"
"100",0.796393818348555,0.044368669647649,0.796393818348555,0.044368669647649,"type1","1",1,0,"2"
"101",1.99296058323088,0.598472491803545,1.99296058323088,0.598472491803545,"type1","1",0.2,0.8,"1"
"102",0.415675250646396,1.41889248898353,0.415675250646396,1.41889248898353,"type1","1",1,0,"2"
"103",1.33184852874746,1.82832046212746,1.33184852874746,1.82832046212746,"type1","1",1,0,"2"
"104",1.92485807969913,1.03297180985124,1.92485807969913,1.03297180985124,"type1","1",1,0,"2"
"105",1.38937849807414,1.87291472606435,1.38937849807414,1.87291472606435,"type1","1",1,0,"2"
"106",0.836951092486398,1.84000752444864,0.836951092486398,1.84000752444864,"type1","1",1,0,"2"
"107",1.81240516460665,1.10764869853099,1.81240516460665,1.10764869853099,"type1","1",1,0,"2"
"108",0.194531171736493,1.72981239141999,0.194531171736493,1.72981239141999,"type1","1",1,0,"2"
"109",0.465835454802673,0.236963774869229,0.465835454802673,0.236963774869229,"type1","1",1,0,"2"
"110",1.87404088709092,0.966753636155281,1.87404088709092,0.966753636155281,"type1","1",1,0,"2"
"111",0.0248640367597976,1.68727653179778,0.0248640367597976,1.68727653179778,"type1","1",1,0,"2"
"112",0.371652407168453,0.916479197021941,0.371652407168453,0.916479197021941,"type1","1",1,0,"2"
"113",0.660687072115223,1.55457474522591,0.660687072115223,1.55457474522591,"type1","1",1,0,"2"
"114",1.72672386088557,1.79604042681413,1.72672386088557,1.79604042681413,"type1","1",1,0,"2"
"115",1.22007196045059,1.11094559189829,1.22007196045059,1.11094559189829,"type1","1",1,0,"2"
"116",1.47412704265487,0.933759098070481,1.47412704265487,0.933759098070481,"type1","1",1,0,"2"
"117",0.475516761488171,0.673481971024018,0.475516761488171,0.673481971024018,"type1","1",1,0,"2"
"118",1.26834166114238,1.5458300016634,1.26834166114238,1.5458300016634,"type1","1",1,0,"2"
"119",0.43419723569444,1.94528497645503,0.43419723569444,1.94528497645503,"type1","1",1,0,"2"
"120",0.597190933683141,0.42496737326374,0.597190933683141,0.42496737326374,"type1","1",1,0,"2"
"121",0.496339218632649,0.145228203022408,0.496339218632649,0.145228203022408,"type1","1",1,0,"2"
"122",0.299120271744684,1.56275572064327,0.299120271744684,1.56275572064327,"type1","1",1,0,"2"
"123",0.775695753445264,1.36877673940008,0.775695753445264,1.36877673940008,"type1","1",1,0,"2"
"124",1.50356019194447,0.914759673152193,1.50356019194447,0.914759673152193,"type1","1",1,0,"2"
"125",1.8972559462352,0.308619897757322,1.8972559462352,0.308619897757322,"type1","1",0.8,0.2,"2"
"126",1.23745453990416,1.7870060425228,1.23745453990416,1.7870060425228,"type1","1",1,0,"2"
"127",0.130511234116797,0.14096318379334,0.130511234116797,0.14096318379334,"type1","1",1,0,"2"
"128",0.497660140855497,1.85312387893929,0.497660140855497,1.85312387893929,"type1","1",1,0,"2"
"129",0.585304782444305,1.03696449595988,0.585304782444305,1.03696449595988,"type1","1",1,0,"2"
"130",0.300203401283263,1.30537729456783,0.300203401283263,1.30537729456783,"type1","1",1,0,"2"
"131",1.79058440993315,1.29568996122205,1.79058440993315,1.29568996122205,"type1","1",1,0,"2"
"132",0.29514674407631,1.48028111120893,0.29514674407631,1.48028111120893,"type1","1",1,0,"2"
"133",0.56268546395159,0.457591903115919,0.56268546395159,0.457591903115919,"type1","1",1,0,"2"
"134",1.6390150780079,1.49532979730537,1.6390150780079,1.49532979730537,"type1","1",1,0,"2"
"135",0.0484880174434125,0.741636730714501,0.0484880174434125,0.741636730714501,"type1","1",1,0,"2"
"136",1.93319014695799,1.68749761095031,1.93319014695799,1.68749761095031,"type1","1",1,0,"2"
"137",1.28125829105515,1.41026837784018,1.28125829105515,1.41026837784018,"type1","1",1,0,"2"
"138",1.55165362829383,0.303351644039792,1.55165362829383,0.303351644039792,"type1","1",1,0,"2"
"139",0.588615236431402,1.17225159863968,0.588615236431402,1.17225159863968,"type1","1",1,0,"2"
"140",0.957315238742738,0.864778409558121,0.957315238742738,0.864778409558121,"type1","1",1,0,"2"
"141",0.167772795744123,0.0314596941719149,0.167772795744123,0.0314596941719149,"type1","1",1,0,"2"
"142",0.21945989943599,1.49065433374294,0.21945989943599,1.49065433374294,"type1","1",1,0,"2"
"143",0.518906222035745,1.79465782888035,0.518906222035745,1.79465782888035,"type1","1",1,0,"2"
"144",1.95007396896364,1.00633208301993,1.95007396896364,1.00633208301993,"type1","1",0.6,0.4,"3"
"145",1.18461970194525,1.982366771722,1.18461970194525,1.982366771722,"type1","1",1,0,"2"
"146",0.321733417852283,1.08034322823066,0.321733417852283,1.08034322823066,"type1","1",1,0,"2"
"147",0.0203362199513381,1.28154295481617,0.0203362199513381,1.28154295481617,"type1","1",1,0,"2"
"148",1.14976196450924,0.632372472462522,1.14976196450924,0.632372472462522,"type1","1",1,0,"2"
"149",0.0403461096454418,0.286928251142791,0.0403461096454418,0.286928251142791,"type1","1",1,0,"2"
"150",1.81377929798463,0.0892776411286926,1.81377929798463,0.0892776411286926,"type1","1",0.8,0.2,"2"
"151",1.1618869761384,1.5369372848984,1.1618869761384,1.5369372848984,"type1","1",1,0,"2"
"152",0.242403621573605,0.470791394275344,0.242403621573605,0.470791394275344,"type1","1",1,0,"2"
"153",1.05725560739041,0.834111662398968,1.05725560739041,0.834111662398968,"type1","1",1,0,"2"
"154",0.602088082050618,1.57284367101178,0.602088082050618,1.57284367101178,"type1","1",1,0,"2"
"155",1.850950198051,0.954853675811324,1.850950198051,0.954853675811324,"type1","1",1,0,"2"
"156",0.404415028043689,0.0323615047591585,0.404415028043689,0.0323615047591585,"type1","1",1,0,"2"
"157",0.138552997496065,1.47755114061573,0.138552997496065,1.47755114061573,"type1","1",1,0,"2"
"158",0.463039168113832,1.40637625560539,0.463039168113832,1.40637625560539,"type1","1",1,0,"2"
"159",0.30178783912178,0.515900838779005,0.30178783912178,0.515900838779005,"type1","1",1,0,"2"
"160",0.343115401657618,1.97048228100064,0.343115401657618,1.97048228100064,"type1","1",1,0,"2"
"161",0.542077279421662,1.94684813389641,0.542077279421662,1.94684813389641,"type1","1",1,0,"2"
"162",1.16705474149134,0.0777619210381299,1.16705474149134,0.0777619210381299,"type1","1",1,0,"2"
"163",1.58563124051849,0.845944727142142,1.58563124051849,0.845944727142142,"type1","1",1,0,"2"
"164",0.508758192526404,1.14513659075069,0.508758192526404,1.14513659075069,"type1","1",1,0,"2"
"165",0.294118029226439,0.388107924933977,0.294118029226439,0.388107924933977,"type1","1",1,0,"2"
"166",1.16623047862039,1.75058509322049,1.16623047862039,1.75058509322049,"type1","1",1,0,"2"
"167",1.20549971400908,0.965720839530112,1.20549971400908,0.965720839530112,"type1","1",1,0,"2"
"168",0.723535570569006,0.717823953605158,0.723535570569006,0.717823953605158,"type1","1",1,0,"2"
"169",1.13643257831588,1.18999631931571,1.13643257831588,1.18999631931571,"type1","1",1,0,"2"
"170",1.41532174608173,1.30414987233136,1.41532174608173,1.30414987233136,"type1","1",1,0,"2"
"171",0.501570169848473,0.607663677100496,0.501570169848473,0.607663677100496,"type1","1",1,0,"2"
"172",0.251942842460116,0.203050289647723,0.251942842460116,0.203050289647723,"type1","1",1,0,"2"
"173",0.209925871506636,1.65128437951013,0.209925871506636,1.65128437951013,"type1","1",1,0,"2"
"174",0.846752216194207,1.2909549234794,0.846752216194207,1.2909549234794,"type1","1",1,0,"2"
"175",0.687773724753821,0.0254338810503131,0.687773724753821,0.0254338810503131,"type1","1",1,0,"2"
"176",1.31200716267917,0.634481436385268,1.31200716267917,0.634481436385268,"type1","1",1,0,"2"
"177",0.914914346441048,1.90364565103618,0.914914346441048,1.90364565103618,"type1","1",1,0,"2"
"178",1.91475728983782,1.33982713290384,1.91475728983782,1.33982713290384,"type1","1",1,0,"2"
"179",1.95506304788678,1.81793600998042,1.95506304788678,1.81793600998042,"type1","1",0.8,0.2,"2"
"180",0.442713434734953,0.961826010612077,0.442713434734953,0.961826010612077,"type1","1",1,0,"2"
"181",1.71975937147722,1.38081586983161,1.71975937147722,1.38081586983161,"type1","1",1,0,"2"
"182",0.423003518267173,1.12873795321134,0.423003518267173,1.12873795321134,"type1","1",1,0,"2"
"183",0.83222635308343,1.16454408051307,0.83222635308343,1.16454408051307,"type1","1",1,0,"2"
"184",0.254187104501923,0.314937426092796,0.254187104501923,0.314937426092796,"type1","1",1,0,"2"
"185",1.00684168571494,1.51428039510673,1.00684168571494,1.51428039510673,"type1","1",1,0,"2"
"186",1.14472550630949,0.461347995444995,1.14472550630949,0.461347995444995,"type1","1",1,0,"2"
"187",1.42703423949759,1.69615773154372,1.42703423949759,1.69615773154372,"type1","1",1,0,"2"
"188",1.46088599101156,0.0704586830142153,1.46088599101156,0.0704586830142153,"type1","1",1,0,"2"
"189",1.57056997821411,0.658193107044446,1.57056997821411,0.658193107044446,"type1","1",1,0,"2"
"190",1.29136696067717,1.4459525647061,1.29136696067717,1.4459525647061,"type1","1",1,0,"2"
"191",1.52389633920128,1.25577414762486,1.52389633920128,1.25577414762486,"type1","1",1,0,"2"
"192",1.7189378379018,0.734380742299287,1.7189378379018,0.734380742299287,"type1","1",1,0,"2"
"193",1.54379378682472,1.56765449742732,1.54379378682472,1.56765449742732,"type1","1",1,0,"2"
"194",0.0795096769242926,1.83233628949073,0.0795096769242926,1.83233628949073,"type1","1",1,0,"2"
"195",0.46759835684239,0.209660842316099,0.46759835684239,0.209660842316099,"type1","1",1,0,"2"
"196",0.901001763273883,0.619024392691355,0.901001763273883,0.619024392691355,"type1","1",1,0,"2"
"197",0.320472618673232,1.7436150780092,0.320472618673232,1.7436150780092,"type1","1",1,0,"2"
"198",1.69017023985894,0.741397768509302,1.69017023985894,0.741397768509302,"type1","1",1,0,"2"
"199",0.554213503726102,1.15975878532154,0.554213503726102,1.15975878532154,"type1","1",1,0,"2"
"200",0.72154543274769,1.1778788783653,0.72154543274769,1.1778788783653,"type1","1",1,0,"2"
"201",1.77341666317538,0.940711044661059,1.77341666317538,0.940711044661059,"type1","1",1,0,"2"
"202",1.30595376575747,1.6367166183996,1.30595376575747,1.6367166183996,"type1","1",1,0,"2"
"203",1.00133247870842,0.0716179938699104,1.00133247870842,0.0716179938699104,"type1","1",1,0,"2"
"204",1.54343520731003,0.577126073873518,1.54343520731003,0.577126073873518,"type1","1",1,0,"2"
"205",1.94198641686869,1.09301673128914,1.94198641686869,1.09301673128914,"type1","1",0.8,0.2,"2"
"206",0.756739302143666,1.4636494240454,0.756739302143666,1.4636494240454,"type1","1",1,0,"2"
"207",1.77330244899859,0.593407533242628,1.77330244899859,0.593407533242628,"type1","1",1,0,"2"
"208",0.154296773969429,1.28865168562147,0.154296773969429,1.28865168562147,"type1","1",1,0,"2"
"209",1.58335461793334,0.542260972980496,1.58335461793334,0.542260972980496,"type1","1",1,0,"2"
"210",0.319530980888425,1.1544253139223,0.319530980888425,1.1544253139223,"type1","1",1,0,"2"
"211",1.01477588076535,0.886923979946895,1.01477588076535,0.886923979946895,"type1","1",1,0,"2"
"212",1.74864572131324,0.947783699812835,1.74864572131324,0.947783699812835,"type1","1",1,0,"2"
"213",0.902597216596197,1.522582198655,0.902597216596197,1.522582198655,"type1","1",1,0,"2"
"214",0.218550772985909,0.121354722773746,0.218550772985909,0.121354722773746,"type1","1",1,0,"2"
"215",0.55621994172028,1.91295832913946,0.55621994172028,1.91295832913946,"type1","1",1,0,"2"
"216",0.934279206548898,1.33743965588022,0.934279206548898,1.33743965588022,"type1","1",1,0,"2"
"217",0.867073026284886,0.588505004808306,0.867073026284886,0.588505004808306,"type1","1",1,0,"2"
"218",1.34158473822774,0.266066704200389,1.34158473822774,0.266066704200389,"type1","1",1,0,"2"
"219",1.66332789671383,1.47080484761215,1.66332789671383,1.47080484761215,"type1","1",1,0,"2"
"220",0.887414951428841,1.20331583192292,0.887414951428841,1.20331583192292,"type1","1",1,0,"2"
"221",1.05238355467518,1.73390241428565,1.05238355467518,1.73390241428565,"type1","1",1,0,"2"
"222",1.08739391832187,0.995475035906452,1.08739391832187,0.995475035906452,"type1","1",1,0,"2"
"223",1.79836123481291,1.7571121529647,1.79836123481291,1.7571121529647,"type1","1",1,0,"2"
"224",0.62621105483265,1.32343622274373,0.62621105483265,1.32343622274373,"type1","1",1,0,"2"
"225",1.51555651656944,0.0909715142444147,1.51555651656944,0.0909715142444147,"type1","1",1,0,"2"
"226",1.73988049963881,1.76345199646248,1.73988049963881,1.76345199646248,"type1","1",1,0,"2"
"227",0.552796612629619,0.427991013805888,0.552796612629619,0.427991013805888,"type1","1",1,0,"2"
"228",1.04848427267483,0.150507269399681,1.04848427267483,0.150507269399681,"type1","1",1,0,"2"
"229",1.70281546543147,0.32040094906915,1.70281546543147,0.32040094906915,"type1","1",1,0,"2"
"230",0.739102882830105,1.34178162908814,0.739102882830105,1.34178162908814,"type1","1",1,0,"2"
"231",0.181650451245938,0.990864127113744,0.181650451245938,0.990864127113744,"type1","1",1,0,"2"
"232",1.66583481147253,1.7011582892246,1.66583481147253,1.7011582892246,"type1","1",1,0,"2"
"233",1.02214051661288,1.39520678130003,1.02214051661288,1.39520678130003,"type1","1",1,0,"2"
"234",1.73315945960967,0.613621768600466,1.73315945960967,0.613621768600466,"type1","1",1,0,"2"
"235",1.95752380496374,0.752351239996523,1.95752380496374,0.752351239996523,"type1","1",0.4,0.6,"3"
"236",1.18988027835384,1.13182400008417,1.18988027835384,1.13182400008417,"type1","1",1,0,"2"
"237",0.973708986292633,0.130485781719467,0.973708986292633,0.130485781719467,"type1","1",1,0,"2"
"238",0.004737488203929,1.40843847980414,0.004737488203929,1.40843847980414,"type1","1",1,0,"2"
"239",1.21606675532824,1.92822707804152,1.21606675532824,1.92822707804152,"type1","1",1,0,"2"
"240",1.92609665620286,1.07899253234636,1.92609665620286,1.07899253234636,"type1","1",0.8,0.2,"2"
"241",0.722708049789178,0.279565123463069,0.722708049789178,0.279565123463069,"type1","1",1,0,"2"
"242",1.04886561092089,1.71347699750952,1.04886561092089,1.71347699750952,"type1","1",1,0,"2"
"243",1.42067096619922,0.163793893492348,1.42067096619922,0.163793893492348,"type1","1",1,0,"2"
"244",1.4711885205203,1.24113869371492,1.4711885205203,1.24113869371492,"type1","1",1,0,"2"
"245",1.5385616668059,1.08352991602702,1.5385616668059,1.08352991602702,"type1","1",1,0,"2"
"246",1.6114380803502,1.25718332180672,1.6114380803502,1.25718332180672,"type1","1",1,0,"2"
"247",0.586334509709187,0.264675048073313,0.586334509709187,0.264675048073313,"type1","1",1,0,"2"
"248",0.0365323554790057,0.0032438732767401,0.0365323554790057,0.0032438732767401,"type1","1",1,0,"2"
"249",0.482877154399365,0.28322694361612,0.482877154399365,0.28322694361612,"type1","1",1,0,"2"
"250",0.45396779749125,0.704035499670845,0.45396779749125,0.704035499670845,"type1","1",1,0,"2"
"251",0.269758423182009,1.48129123909417,0.269758423182009,1.48129123909417,"type1","1",1,0,"2"
"252",0.445398212788566,0.0605745856450943,0.445398212788566,0.0605745856450943,"type1","1",1,0,"2"
"253",1.4039093595941,0.441721545236396,1.4039093595941,0.441721545236396,"type1","1",1,0,"2"
"254",1.55433743262302,0.415067097619773,1.55433743262302,0.415067097619773,"type1","1",1,0,"2"
"255",0.715876945089983,0.819550339702527,0.715876945089983,0.819550339702527,"type1","1",1,0,"2"
"256",1.29941850487321,0.854698917919563,1.29941850487321,0.854698917919563,"type1","1",1,0,"2"
"257",1.36581099639251,0.56035388070461,1.36581099639251,0.56035388070461,"type1","1",1,0,"2"
"258",1.03320175695998,0.241140842445477,1.03320175695998,0.241140842445477,"type1","1",1,0,"2"
"259",1.26132709570347,1.14750604619749,1.26132709570347,1.14750604619749,"type1","1",1,0,"2"
"260",1.03337181229192,1.55542073474975,1.03337181229192,1.55542073474975,"type1","1",1,0,"2"
"261",0.0216816508730657,1.98750114924922,0.0216816508730657,1.98750114924922,"type1","1",1,0,"2"
"262",1.84632524807144,1.80172442335406,1.84632524807144,1.80172442335406,"type1","1",1,0,"2"
"263",0.0034974071766935,1.53181776699364,0.0034974071766935,1.53181776699364,"type1","1",1,0,"2"
"264",0.900956163666216,1.36635407386176,0.900956163666216,1.36635407386176,"type1","1",1,0,"2"
"265",0.884430442709636,1.02851803252756,0.884430442709636,1.02851803252756,"type1","1",1,0,"2"
"266",0.943096908124502,0.562420741750388,0.943096908124502,0.562420741750388,"type1","1",1,0,"2"
"267",0.841350815756904,1.35134663307644,0.841350815756904,1.35134663307644,"type1","1",1,0,"2"
"268",1.81978803092088,1.28971053317398,1.81978803092088,1.28971053317398,"type1","1",1,0,"2"
"269",0.565676496386425,1.56915236416176,0.565676496386425,1.56915236416176,"type1","1",1,0,"2"
"270",1.72180644749345,1.56916780018575,1.72180644749345,1.56916780018575,"type1","1",1,0,"2"
"271",0.419433644466175,1.69002711716025,0.419433644466175,1.69002711716025,"type1","1",1,0,"2"
"272",1.1128559950914,0.139419610123269,1.1128559950914,0.139419610123269,"type1","1",1,0,"2"
"273",0.304734975802149,0.443180915689054,0.304734975802149,0.443180915689054,"type1","1",1,0,"2"
"274",0.842673219990659,1.92398848668117,0.842673219990659,1.92398848668117,"type1","1",1,0,"2"
"275",0.0749993366524683,0.0801476564231942,0.0749993366524683,0.0801476564231942,"type1","1",1,0,"2"
"276",1.17155760768741,1.5816675924832,1.17155760768741,1.5816675924832,"type1","1",1,0,"2"
"277",0.56748779321784,1.55103558116147,0.56748779321784,1.55103558116147,"type1","1",1,0,"2"
"278",0.0831691300041002,1.2097581442266,0.0831691300041002,1.2097581442266,"type1","1",1,0,"2"
"279",1.11727002501701,0.577055319276685,1.11727002501701,0.577055319276685,"type1","1",1,0,"2"
"280",0.129086669981912,1.06525064802895,0.129086669981912,1.06525064802895,"type1","1",1,0,"2"
"281",1.58462428039642,1.45470833657493,1.58462428039642,1.45470833657493,"type1","1",1,0,"2"
"282",0.911815003360258,1.27493601903811,0.911815003360258,1.27493601903811,"type1","1",1,0,"2"
"283",1.50798658664822,1.37741675613491,1.50798658664822,1.37741675613491,"type1","1",1,0,"2"
"284",0.256313772177805,0.217693397709882,0.256313772177805,0.217693397709882,"type1","1",1,0,"2"
"285",1.55222773468596,1.83500302520507,1.55222773468596,1.83500302520507,"type1","1",1,0,"2"
"286",1.83469947764432,0.471889469180181,1.83469947764432,0.471889469180181,"type1","1",1,0,"2"
"287",1.95738131234416,0.986044971046516,1.95738131234416,0.986044971046516,"type1","1",0.6,0.4,"3"
"288",1.12612224860928,0.879515544197613,1.12612224860928,0.879515544197613,"type1","1",1,0,"2"
"289",1.90557522013757,1.46111021074485,1.90557522013757,1.46111021074485,"type1","1",1,0,"2"
"290",1.82603257314615,0.416632807703493,1.82603257314615,0.416632807703493,"type1","1",1,0,"2"
"291",1.70880409608808,0.562738570582358,1.70880409608808,0.562738570582358,"type1","1",1,0,"2"
"292",0.924866733078218,1.79280193330421,0.924866733078218,1.79280193330421,"type1","1",1,0,"2"
"293",1.76137761166435,0.718642772526795,1.76137761166435,0.718642772526795,"type1","1",1,0,"2"
"294",1.28360861159639,1.39173668791626,1.28360861159639,1.39173668791626,"type1","1",1,0,"2"
"295",0.668871468089517,0.425829059747485,0.668871468089517,0.425829059747485,"type1","1",1,0,"2"
"296",0.877660806218413,1.7971928261803,0.877660806218413,1.7971928261803,"type1","1",1,0,"2"
"297",1.79544049936751,1.51230604498431,1.79544049936751,1.51230604498431,"type1","1",1,0,"2"
"298",1.49445069525252,0.465379534968473,1.49445069525252,0.465379534968473,"type1","1",1,0,"2"
"299",0.0760829743244022,0.876960945644041,0.0760829743244022,0.876960945644041,"type1","1",1,0,"2"
"300",0.0169651104704411,0.541811596612032,0.0169651104704411,0.541811596612032,"type1","1",1,0,"2"
"301",0.607599508380357,1.97057167411587,0.607599508380357,1.97057167411587,"type1","1",1,0,"2"
"302",1.27712255751818,1.67855992405719,1.27712255751818,1.67855992405719,"type1","1",1,0,"2"
"303",1.48929568531327,1.67425713715003,1.48929568531327,1.67425713715003,"type1","1",1,0,"2"
"304",0.913957010366869,0.0698524236049924,0.913957010366869,0.0698524236049924,"type1","1",1,0,"2"
"305",0.288528868241485,1.68320200396154,0.288528868241485,1.68320200396154,"type1","1",1,0,"2"
"306",1.69815243493214,0.922300090623319,1.69815243493214,0.922300090623319,"type1","1",1,0,"2"
"307",0.91606931504095,0.758066642543404,0.91606931504095,0.758066642543404,"type1","1",1,0,"2"
"308",0.40065075241824,0.831722018081947,0.40065075241824,0.831722018081947,"type1","1",1,0,"2"
"309",0.287865627023991,0.257153323192152,0.287865627023991,0.257153323192152,"type1","1",1,0,"2"
"310",1.82218302991539,0.608547427301813,1.82218302991539,0.608547427301813,"type1","1",1,0,"2"
"311",0.689702388173667,1.54938348002868,0.689702388173667,1.54938348002868,"type1","1",1,0,"2"
"312",0.911512150907324,1.74435091764861,0.911512150907324,1.74435091764861,"type1","1",1,0,"2"
"313",1.49688910825885,0.119980490951354,1.49688910825885,0.119980490951354,"type1","1",1,0,"2"
"314",1.76838991364282,0.759858678101848,1.76838991364282,0.759858678101848,"type1","1",1,0,"2"
"315",1.91482012679337,0.392508846112993,1.91482012679337,0.392508846112993,"type1","1",1,0,"2"
"316",0.913688549151924,1.7005017847334,0.913688549151924,1.7005017847334,"type1","1",1,0,"2"
"317",0.863257129107857,0.716118355882502,0.863257129107857,0.716118355882502,"type1","1",1,0,"2"
"318",0.919203260239522,1.73352441345289,0.919203260239522,1.73352441345289,"type1","1",1,0,"2"
"319",1.35799332622284,0.812495709184367,1.35799332622284,0.812495709184367,"type1","1",1,0,"2"
"320",1.61171869889968,0.635115302485174,1.61171869889968,0.635115302485174,"type1","1",1,0,"2"
"321",0.572377806097748,0.401706824255873,0.572377806097748,0.401706824255873,"type1","1",1,0,"2"
"322",0.700101317409342,0.848017489953457,0.700101317409342,0.848017489953457,"type1","1",1,0,"2"
"323",1.34840340971773,1.21053885113614,1.34840340971773,1.21053885113614,"type1","1",1,0,"2"
"324",0.735654412531877,1.85577958606301,0.735654412531877,1.85577958606301,"type1","1",1,0,"2"
"325",0.0679235511822522,0.533154926743115,0.0679235511822522,0.533154926743115,"type1","1",1,0,"2"
"326",1.49974470534539,1.07832710867208,1.49974470534539,1.07832710867208,"type1","1",1,0,"2"
"327",0.2702546722398,1.30496202505994,0.2702546722398,1.30496202505994,"type1","1",1,0,"2"
"328",0.540040979909016,1.14936264737122,0.540040979909016,1.14936264737122,"type1","1",1,0,"2"
"329",0.750300691743259,1.17313069427204,0.750300691743259,1.17313069427204,"type1","1",1,0,"2"
"330",0.558544564815411,1.71872225878415,0.558544564815411,1.71872225878415,"type1","1",1,0,"2"
"331",0.966497163754237,1.76043264602572,0.966497163754237,1.76043264602572,"type1","1",1,0,"2"
"332",0.303880829103714,0.632839111802983,0.303880829103714,0.632839111802983,"type1","1",1,0,"2"
"333",0.0694940267083246,1.0576868298049,0.0694940267083246,1.0576868298049,"type1","1",1,0,"2"
"334",0.147453064266093,0.53401524521496,0.147453064266093,0.53401524521496,"type1","1",1,0,"2"
"335",1.3503581614307,0.0666266323597712,1.3503581614307,0.0666266323597712,"type1","1",1,0,"2"
"336",0.240611388309005,1.51055835365589,0.240611388309005,1.51055835365589,"type1","1",1,0,"2"
"337",1.14808461207985,0.19216495824563,1.14808461207985,0.19216495824563,"type1","1",1,0,"2"
"338",1.13773416021913,1.56646680067762,1.13773416021913,1.56646680067762,"type1","1",1,0,"2"
"339",1.8679189224133,1.77202793805616,1.8679189224133,1.77202793805616,"type1","1",1,0,"2"
"340",0.974369346503563,0.767621540131917,0.974369346503563,0.767621540131917,"type1","1",1,0,"2"
"341",0.260838311474224,1.39060909282291,0.260838311474224,1.39060909282291,"type1","1",1,0,"2"
"342",0.203170566643546,1.45893278637007,0.203170566643546,1.45893278637007,"type1","1",1,0,"2"
"343",0.446658330556807,0.183314002123195,0.446658330556807,0.183314002123195,"type1","1",1,0,"2"
"344",1.20232226100966,0.297677447409699,1.20232226100966,0.297677447409699,"type1","1",1,0,"2"
"345",1.80264330726493,1.66187069172964,1.80264330726493,1.66187069172964,"type1","1",1,0,"2"
"346",1.74502133347139,1.00085950910402,1.74502133347139,1.00085950910402,"type1","1",1,0,"2"
"347",0.270125748419113,1.77942919070711,0.270125748419113,1.77942919070711,"type1","1",1,0,"2"
"348",0.886237479557893,0.413990443205,0.886237479557893,0.413990443205,"type1","1",1,0,"2"
"349",1.34295535056875,0.499431198703221,1.34295535056875,0.499431198703221,"type1","1",1,0,"2"
"350",0.358346435044499,1.25311325358393,0.358346435044499,1.25311325358393,"type1","1",1,0,"2"
"351",0.562389126374798,1.5603878049045,0.562389126374798,1.5603878049045,"type1","1",1,0,"2"
"352",1.17711213067502,0.337444563719853,1.17711213067502,0.337444563719853,"type1","1",1,0,"2"
"353",0.087608300535755,0.436183397614882,0.087608300535755,0.436183397614882,"type1","1",1,0,"2"
"354",1.3836978935437,0.547143791834515,1.3836978935437,0.547143791834515,"type1","1",1,0,"2"
"355",1.89573918747584,1.70772426492225,1.89573918747584,1.70772426492225,"type1","1",1,0,"2"
"356",1.29110648919027,1.77731173860898,1.29110648919027,1.77731173860898,"type1","1",1,0,"2"
"357",0.0987942916075388,1.6675214451318,0.0987942916075388,1.6675214451318,"type1","1",1,0,"2"
"358",0.0121946029329365,0.0599146218224739,0.0121946029329365,0.0599146218224739,"type1","1",1,0,"2"
"359",1.18494982087786,1.34460120246123,1.18494982087786,1.34460120246123,"type1","1",1,0,"2"
"360",1.81011788530284,0.815720694328584,1.81011788530284,0.815720694328584,"type1","1",1,0,"2"
"361",0.449863889147869,1.28299670735754,0.449863889147869,1.28299670735754,"type1","1",1,0,"2"
"362",0.147114069451692,0.841880481239839,0.147114069451692,0.841880481239839,"type1","1",1,0,"2"
"363",1.75363162437897,0.205765090279488,1.75363162437897,0.205765090279488,"type1","1",1,0,"2"
"364",1.67265542541209,1.0139013559668,1.67265542541209,1.0139013559668,"type1","1",1,0,"2"
"365",0.325346011546187,1.8520234156862,0.325346011546187,1.8520234156862,"type1","1",1,0,"2"
"366",1.12576050965372,1.73174827319118,1.12576050965372,1.73174827319118,"type1","1",1,0,"2"
"367",0.0361833491736185,1.34207439618636,0.0361833491736185,1.34207439618636,"type1","1",1,0,"2"
"368",0.331986712731655,1.20364748247957,0.331986712731655,1.20364748247957,"type1","1",1,0,"2"
"369",1.0486099851535,1.3187234470654,1.0486099851535,1.3187234470654,"type1","1",1,0,"2"
"370",0.328646187039365,0.234524008112665,0.328646187039365,0.234524008112665,"type1","1",1,0,"2"
"371",0.985232143571859,0.481341307373166,0.985232143571859,0.481341307373166,"type1","1",1,0,"2"
"372",0.580024053069664,0.957081937501128,0.580024053069664,0.957081937501128,"type1","1",1,0,"2"
"373",0.574549919175853,1.43925607419213,0.574549919175853,1.43925607419213,"type1","1",1,0,"2"
"374",1.37311989987253,0.843839390975012,1.37311989987253,0.843839390975012,"type1","1",1,0,"2"
"375",0.620217771952694,0.506948125962666,0.620217771952694,0.506948125962666,"type1","1",1,0,"2"
"376",0.746130592848514,0.973481607569033,0.746130592848514,0.973481607569033,"type1","1",1,0,"2"
"377",0.47381676380148,1.77309149186109,0.47381676380148,1.77309149186109,"type1","1",1,0,"2"
"378",1.88584764300159,1.36659017791713,1.88584764300159,1.36659017791713,"type1","1",1,0,"2"
"379",0.560155340888983,0.947193834639392,0.560155340888983,0.947193834639392,"type1","1",1,0,"2"
"380",0.269120365595904,1.77161795792295,0.269120365595904,1.77161795792295,"type1","1",1,0,"2"
"381",1.65687344582667,1.52581081740531,1.65687344582667,1.52581081740531,"type1","1",1,0,"2"
"382",0.435127827261543,1.37942769918478,0.435127827261543,1.37942769918478,"type1","1",1,0,"2"
"383",1.43036789508208,1.45069002938611,1.43036789508208,1.45069002938611,"type1","1",1,0,"2"
"384",1.75494173205242,1.46138527840216,1.75494173205242,1.46138527840216,"type1","1",1,0,"2"
"385",1.15910998044779,1.29763011572827,1.15910998044779,1.29763011572827,"type1","1",1,0,"2"
"386",0.353945186478254,0.773710422983547,0.353945186478254,0.773710422983547,"type1","1",1,0,"2"
"387",0.934442184818213,1.68119615696181,0.934442184818213,1.68119615696181,"type1","1",1,0,"2"
"388",1.76851791346386,0.732663581362762,1.76851791346386,0.732663581362762,"type1","1",1,0,"2"
"389",1.19817925606784,0.281847696187386,1.19817925606784,0.281847696187386,"type1","1",1,0,"2"
"390",0.680535298961408,1.18493723370912,0.680535298961408,1.18493723370912,"type1","1",1,0,"2"
"391",1.1881341685958,1.71574243198166,1.1881341685958,1.71574243198166,"type1","1",1,0,"2"
"392",0.139335737499392,0.420037330311059,0.139335737499392,0.420037330311059,"type1","1",1,0,"2"
"393",1.51374549505339,1.25481979056962,1.51374549505339,1.25481979056962,"type1","1",1,0,"2"
"394",0.133360993560885,1.87442259715562,0.133360993560885,1.87442259715562,"type1","1",1,0,"2"
"395",1.66935296925284,0.0595244371051875,1.66935296925284,0.0595244371051875,"type1","1",1,0,"2"
"396",0.70365459804259,0.724106736216759,0.70365459804259,0.724106736216759,"type1","1",1,0,"2"
"397",0.617503307475251,0.588162660053607,0.617503307475251,0.588162660053607,"type1","1",1,0,"2"
"398",0.850188155933165,0.902055121207984,0.850188155933165,0.902055121207984,"type1","1",1,0,"2"
"399",1.46338747731255,1.99410545092519,1.46338747731255,1.99410545092519,"type1","1",1,0,"2"
"400",0.592874235660961,0.554587626877993,0.592874235660961,0.554587626877993,"type1","1",1,0,"2"
"401",0.604708612806418,0.122143183121033,0.604708612806418,0.122143183121033,"type1","1",1,0,"2"
"402",1.13846618061541,1.096647745704,1.13846618061541,1.096647745704,"type1","1",1,0,"2"
"403",0.357452578785678,1.01130374476737,0.357452578785678,1.01130374476737,"type1","1",1,0,"2"
"404",0.887593090685083,0.0099460409328679,0.887593090685083,0.0099460409328679,"type1","1",1,0,"2"
"405",1.45455652377246,1.6985010943122,1.45455652377246,1.6985010943122,"type1","1",1,0,"2"
"406",0.908983358347664,0.109287631164858,0.908983358347664,0.109287631164858,"type1","1",1,0,"2"
"407",0.0539685930271507,0.95148306099618,0.0539685930271507,0.95148306099618,"type1","1",1,0,"2"
"408",1.33051404790544,1.63633328525123,1.33051404790544,1.63633328525123,"type1","1",1,0,"2"
"409",0.68809807987825,0.876237873706149,0.68809807987825,0.876237873706149,"type1","1",1,0,"2"
"410",0.62545642430625,1.26236905464312,0.62545642430625,1.26236905464312,"type1","1",1,0,"2"
"411",1.03731358130043,0.700229724396805,1.03731358130043,0.700229724396805,"type1","1",1,0,"2"
"412",1.33033198421495,0.45387149056156,1.33033198421495,0.45387149056156,"type1","1",1,0,"2"
"413",1.3276660076906,0.800276209250274,1.3276660076906,0.800276209250274,"type1","1",1,0,"2"
"414",1.91367881800791,1.56307950959098,1.91367881800791,1.56307950959098,"type1","1",1,0,"2"
"415",0.518512550753262,0.235077670669589,0.518512550753262,0.235077670669589,"type1","1",1,0,"2"
"416",0.473931114270061,0.676217212580879,0.473931114270061,0.676217212580879,"type1","1",1,0,"2"
"417",1.00163881094929,1.0260582489966,1.00163881094929,1.0260582489966,"type1","1",1,0,"2"
"418",1.3241344037118,1.3875204721341,1.3241344037118,1.3875204721341,"type1","1",1,0,"2"
"419",1.39621637287275,1.35131151669345,1.39621637287275,1.35131151669345,"type1","1",1,0,"2"
"420",0.129151801646774,0.97069317694096,0.129151801646774,0.97069317694096,"type1","1",1,0,"2"
"421",1.31796997142016,0.9909073352299,1.31796997142016,0.9909073352299,"type1","1",1,0,"2"
"422",1.38862472962879,1.37456811278116,1.38862472962879,1.37456811278116,"type1","1",1,0,"2"
"423",0.923048572514766,0.342454246096128,0.923048572514766,0.342454246096128,"type1","1",1,0,"2"
"424",1.86395160239635,0.837214185132481,1.86395160239635,0.837214185132481,"type1","1",1,0,"2"
"425",0.530196661465685,1.68301599148899,0.530196661465685,1.68301599148899,"type1","1",1,0,"2"
"426",0.676492759774491,0.666481204953483,0.676492759774491,0.666481204953483,"type1","1",1,0,"2"
"427",0.490070184442282,1.20623944917845,0.490070184442282,1.20623944917845,"type1","1",1,0,"2"
"428",0.931591046559752,0.376085685158492,0.931591046559752,0.376085685158492,"type1","1",1,0,"2"
"429",1.52123982523252,0.516328221610362,1.52123982523252,0.516328221610362,"type1","1",1,0,"2"
"430",1.15646058191291,1.02477315294091,1.15646058191291,1.02477315294091,"type1","1",1,0,"2"
"431",0.66974351346256,0.834387948518739,0.66974351346256,0.834387948518739,"type1","1",1,0,"2"
"432",1.11129417012703,0.205916674729976,1.11129417012703,0.205916674729976,"type1","1",1,0,"2"
"433",1.55277211836329,0.824352383356384,1.55277211836329,0.824352383356384,"type1","1",1,0,"2"
"434",1.36678498082843,0.948815049655888,1.36678498082843,0.948815049655888,"type1","1",1,0,"2"
"435",1.25415801183001,1.22938581710042,1.25415801183001,1.22938581710042,"type1","1",1,0,"2"
"436",0.424020662517723,0.0213655004582176,0.424020662517723,0.0213655004582176,"type1","1",1,0,"2"
"437",1.09939939125784,1.01365954923618,1.09939939125784,1.01365954923618,"type1","1",1,0,"2"
"438",0.1220093846586,1.49835059026285,0.1220093846586,1.49835059026285,"type1","1",1,0,"2"
"439",0.762824631406168,0.11927972110809,0.762824631406168,0.11927972110809,"type1","1",1,0,"2"
"440",0.198964411481252,1.18052384549443,0.198964411481252,1.18052384549443,"type1","1",1,0,"2"
"441",0.520450772838054,1.59374685252706,0.520450772838054,1.59374685252706,"type1","1",1,0,"2"
"442",0.704828172034771,0.307703563512763,0.704828172034771,0.307703563512763,"type1","1",1,0,"2"
"443",0.966825541843366,1.02267465219689,0.966825541843366,1.02267465219689,"type1","1",1,0,"2"
"444",1.70968739515896,1.13316256698014,1.70968739515896,1.13316256698014,"type1","1",1,0,"2"
"445",0.888412210415908,0.883914646008755,0.888412210415908,0.883914646008755,"type1","1",1,0,"2"
"446",1.01099692745421,0.566329759878136,1.01099692745421,0.566329759878136,"type1","1",1,0,"2"
"447",0.903060885916257,0.760513542937443,0.903060885916257,0.760513542937443,"type1","1",1,0,"2"
"448",1.04491636069714,0.438295210014668,1.04491636069714,0.438295210014668,"type1","1",1,0,"2"
"449",1.13947152299821,1.27637378515112,1.13947152299821,1.27637378515112,"type1","1",1,0,"2"
"450",0.536183074369408,1.63080542349167,0.536183074369408,1.63080542349167,"type1","1",1,0,"2"
"451",0.902167861997263,0.149128345276848,0.902167861997263,0.149128345276848,"type1","1",1,0,"2"
"452",0.694491381253476,0.0283392747365798,0.694491381253476,0.0283392747365798,"type1","1",1,0,"2"
"453",1.62818512153959,0.891583682625843,1.62818512153959,0.891583682625843,"type1","1",1,0,"2"
"454",0.273280886940498,0.6231300024078,0.273280886940498,0.6231300024078,"type1","1",1,0,"2"
"455",0.14106325981713,1.2461954663901,0.14106325981713,1.2461954663901,"type1","1",1,0,"2"
"456",0.0736908509824603,0.17755076299933,0.0736908509824603,0.17755076299933,"type1","1",1,0,"2"
"457",0.894274217045738,1.66817293158209,0.894274217045738,1.66817293158209,"type1","1",1,0,"2"
"458",0.0550160108478496,1.03857836503216,0.0550160108478496,1.03857836503216,"type1","1",1,0,"2"
"459",1.92059417937466,0.566273859014912,1.92059417937466,0.566273859014912,"type1","1",0.6,0.4,"3"
"460",0.998384319388515,1.51656251392749,0.998384319388515,1.51656251392749,"type1","1",1,0,"2"
"461",1.311418129449,1.27710822983756,1.311418129449,1.27710822983756,"type1","1",1,0,"2"
"462",1.44532734070232,1.06575794014298,1.44532734070232,1.06575794014298,"type1","1",1,0,"2"
"463",0.158730126457935,1.64983472450603,0.158730126457935,1.64983472450603,"type1","1",1,0,"2"
"464",0.599097098285485,1.87706573329537,0.599097098285485,1.87706573329537,"type1","1",1,0,"2"
"465",1.54839798364892,1.73884332698062,1.54839798364892,1.73884332698062,"type1","1",1,0,"2"
"466",1.55939158299915,0.737183385418622,1.55939158299915,0.737183385418622,"type1","1",1,0,"2"
"467",1.56703940529807,1.95561981567566,1.56703940529807,1.95561981567566,"type1","1",1,0,"2"
"468",1.99116315428124,1.40974816585601,1.99116315428124,1.40974816585601,"type1","1",0.6,0.4,"3"
"469",0.068034699238658,0.932883750265265,0.068034699238658,0.932883750265265,"type1","1",1,0,"2"
"470",0.347017835143558,0.142805064439083,0.347017835143558,0.142805064439083,"type1","1",1,0,"2"
"471",1.61429974459703,0.986778871162413,1.61429974459703,0.986778871162413,"type1","1",1,0,"2"
"472",1.50482895028966,1.97092268238466,1.50482895028966,1.97092268238466,"type1","1",1,0,"2"
"473",1.80642504922737,0.805476024314125,1.80642504922737,0.805476024314125,"type1","1",1,0,"2"
"474",1.39552168439063,1.88582510401161,1.39552168439063,1.88582510401161,"type1","1",1,0,"2"
"475",1.10248868151085,0.730412778690659,1.10248868151085,0.730412778690659,"type1","1",1,0,"2"
"476",0.116123073555517,1.96064893636456,0.116123073555517,1.96064893636456,"type1","1",1,0,"2"
"477",1.9325092229407,0.249275419295177,1.9325092229407,0.249275419295177,"type1","1",0.6,0.4,"3"
"478",0.0350135775893813,1.74834685821656,0.0350135775893813,1.74834685821656,"type1","1",1,0,"2"
"479",1.05870206267745,0.807353793870479,1.05870206267745,0.807353793870479,"type1","1",1,0,"2"
"480",1.57430239471144,1.40393500029858,1.57430239471144,1.40393500029858,"type1","1",1,0,"2"
"481",0.851057363042591,0.896492998631512,0.851057363042591,0.896492998631512,"type1","1",1,0,"2"
"482",1.2892126767765,0.479853691144296,1.2892126767765,0.479853691144296,"type1","1",1,0,"2"
"483",1.05032143034794,0.0449792907517383,1.05032143034794,0.0449792907517383,"type1","1",1,0,"2"
"484",0.208839719753123,0.473386644227813,0.208839719753123,0.473386644227813,"type1","1",1,0,"2"
"485",1.92524062308592,1.94506516794467,1.92524062308592,1.94506516794467,"type1","1",0.6,0.4,"3"
"486",1.21611802638963,0.705339790089485,1.21611802638963,0.705339790089485,"type1","1",1,0,"2"
"487",0.845045429500566,0.0901120157354145,0.845045429500566,0.0901120157354145,"type1","1",1,0,"2"
"488",1.60475395242691,0.921133823748852,1.60475395242691,0.921133823748852,"type1","1",1,0,"2"
"489",1.67351660693562,1.14412264729336,1.67351660693562,1.14412264729336,"type1","1",1,0,"2"
"490",0.183752733007787,0.430430863289901,0.183752733007787,0.430430863289901,"type1","1",1,0,"2"
"491",0.37703511622755,1.57703492244913,0.37703511622755,1.57703492244913,"type1","1",1,0,"2"
"492",0.620723126420081,0.345686708260614,0.620723126420081,0.345686708260614,"type1","1",1,0,"2"
"493",0.26043085741264,1.9801258718291,0.26043085741264,1.9801258718291,"type1","1",1,0,"2"
"494",1.38643054677771,1.64223473915608,1.38643054677771,1.64223473915608,"type1","1",1,0,"2"
"495",1.09058194475308,0.192718808464881,1.09058194475308,0.192718808464881,"type1","1",1,0,"2"
"496",1.83427491633903,1.21771254399776,1.83427491633903,1.21771254399776,"type1","1",1,0,"2"
"497",0.940084966536117,0.0920600377672753,0.940084966536117,0.0920600377672753,"type1","1",1,0,"2"
"498",0.101367128533325,1.4528757179477,0.101367128533325,1.4528757179477,"type1","1",1,0,"2"
"499",0.451078300652918,1.98937749402228,0.451078300652918,1.98937749402228,"type1","1",1,0,"2"
"500",0.394051943772514,1.28004480649235,0.394051943772514,1.28004480649235,"type1","1",1,0,"2"
"501",2.92167336585385,1.06516685383506,2.92167336585385,1.06516685383506,"type2","1",0,1,"1"
"502",3.60790920352758,0.760983960809517,3.60790920352758,0.760983960809517,"type2","1",0,1,"1"
"503",2.96392343171728,1.8146741692495,2.96392343171728,1.8146741692495,"type2","1",0,1,"1"
"504",2.98409894929143,1.14836959693807,2.98409894929143,1.14836959693807,"type2","1",0,1,"1"
"505",2.33518722075453,0.0404568506473301,2.33518722075453,0.0404568506473301,"type2","1",0,1,"1"
"506",2.76750855463361,0.036415418222369,2.76750855463361,0.036415418222369,"type2","1",0,1,"1"
"507",3.37762755360552,0.327572244935196,3.37762755360552,0.327572244935196,"type2","1",0,1,"1"
"508",3.96142593918714,1.69725097349447,3.96142593918714,1.69725097349447,"type2","1",0,1,"1"
"509",3.29335869065621,0.718732431523405,3.29335869065621,0.718732431523405,"type2","1",0,1,"1"
"510",3.18988328264945,0.410705231296234,3.18988328264945,0.410705231296234,"type2","1",0,1,"1"
"511",2.85673533898524,1.74858940375403,2.85673533898524,1.74858940375403,"type2","1",0,1,"1"
"512",2.8263056523059,0.339236111937829,2.8263056523059,0.339236111937829,"type2","1",0,1,"1"
"513",2.49545899970633,0.144972305968995,2.49545899970633,0.144972305968995,"type2","1",0,1,"1"
"514",3.34747241472399,0.267885070111958,3.34747241472399,0.267885070111958,"type2","1",0,1,"1"
"515",2.39342017711541,1.49059745460205,2.39342017711541,1.49059745460205,"type2","1",0,1,"1"
"516",3.15773711379542,0.358317369034806,3.15773711379542,0.358317369034806,"type2","1",0,1,"1"
"517",2.1483408234128,0.88182173110046,2.1483408234128,0.88182173110046,"type2","1",0,1,"1"
"518",2.00470301524077,1.00433567777951,2.00470301524077,1.00433567777951,"type2","1",0.6,0.4,"3"
"519",3.66166068816249,0.28275280920622,3.66166068816249,0.28275280920622,"type2","1",0,1,"1"
"520",3.49309832402832,1.12250848832837,3.49309832402832,1.12250848832837,"type2","1",0,1,"1"
"521",2.54955787241643,0.790961005546002,2.54955787241643,0.790961005546002,"type2","1",0,1,"1"
"522",2.02035886816892,0.549362681578716,2.02035886816892,0.549362681578716,"type2","1",0.4,0.6,"3"
"523",3.70098688604655,0.240778740262412,3.70098688604655,0.240778740262412,"type2","1",0,1,"1"
"524",2.35398985025069,0.708137819095821,2.35398985025069,0.708137819095821,"type2","1",0,1,"1"
"525",3.98816396064872,0.646172610908571,3.98816396064872,0.646172610908571,"type2","1",0,1,"1"
"526",2.90879300275005,0.681295801883669,2.90879300275005,0.681295801883669,"type2","1",0,1,"1"
"527",2.42525164998567,0.165318201624716,2.42525164998567,0.165318201624716,"type2","1",0,1,"1"
"528",2.1695076080897,0.35813890141742,2.1695076080897,0.35813890141742,"type2","1",0,1,"1"
"529",2.12011203392131,1.76190444033544,2.12011203392131,1.76190444033544,"type2","1",0,1,"1"
"530",2.51780477005414,1.82045655799531,2.51780477005414,1.82045655799531,"type2","1",0,1,"1"
"531",2.58153969896435,0.379934713825308,2.58153969896435,0.379934713825308,"type2","1",0,1,"1"
"532",3.18879123745715,1.31635134410525,3.18879123745715,1.31635134410525,"type2","1",0,1,"1"
"533",2.48822381560981,0.0408986918289875,2.48822381560981,0.0408986918289875,"type2","1",0,1,"1"
"534",3.07009275306725,1.66600707529744,3.07009275306725,1.66600707529744,"type2","1",0,1,"1"
"535",2.98262080997998,1.20352757987566,2.98262080997998,1.20352757987566,"type2","1",0,1,"1"
"536",2.26754048993941,1.29272262942952,2.26754048993941,1.29272262942952,"type2","1",0,1,"1"
"537",3.38304189929585,0.0333515619778137,3.38304189929585,0.0333515619778137,"type2","1",0,1,"1"
"538",3.57454882310496,1.56340983338867,3.57454882310496,1.56340983338867,"type2","1",0,1,"1"
"539",2.76018931273607,0.635428953658435,2.76018931273607,0.635428953658435,"type2","1",0,1,"1"
"540",2.42517475585554,1.50063061539532,2.42517475585554,1.50063061539532,"type2","1",0,1,"1"
"541",2.70424863007375,0.145106444622276,2.70424863007375,0.145106444622276,"type2","1",0,1,"1"
"542",2.47823013779068,0.881181398251279,2.47823013779068,0.881181398251279,"type2","1",0,1,"1"
"543",3.63249317434614,1.34241683145527,3.63249317434614,1.34241683145527,"type2","1",0,1,"1"
"544",2.82105541563148,1.42429934626799,2.82105541563148,1.42429934626799,"type2","1",0,1,"1"
"545",2.82902051068579,0.699097800729921,2.82902051068579,0.699097800729921,"type2","1",0,1,"1"
"546",3.33873645190636,1.92098618676308,3.33873645190636,1.92098618676308,"type2","1",0,1,"1"
"547",2.5407287752365,1.56462653148463,2.5407287752365,1.56462653148463,"type2","1",0,1,"1"
"548",2.07671992514049,0.0347650609945635,2.07671992514049,0.0347650609945635,"type2","1",0.2,0.8,"1"
"549",3.2131465951523,0.00691483856078,3.2131465951523,0.00691483856078,"type2","1",0,1,"1"
"550",2.72659203759342,1.14300396831523,2.72659203759342,1.14300396831523,"type2","1",0,1,"1"
"551",2.67137257651104,0.590709059627265,2.67137257651104,0.590709059627265,"type2","1",0,1,"1"
"552",2.39526712477573,0.308935315897524,2.39526712477573,0.308935315897524,"type2","1",0,1,"1"
"553",3.59108720484804,0.15292953714738,3.59108720484804,0.15292953714738,"type2","1",0,1,"1"
"554",2.43601522415456,0.215396989273128,2.43601522415456,0.215396989273128,"type2","1",0,1,"1"
"555",3.66966993306146,1.06960142707676,3.66966993306146,1.06960142707676,"type2","1",0,1,"1"
"556",2.36911205693789,1.49302993526021,2.36911205693789,1.49302993526021,"type2","1",0,1,"1"
"557",2.84697890633244,0.365338272875186,2.84697890633244,0.365338272875186,"type2","1",0,1,"1"
"558",2.49073767712642,0.269043095833251,2.49073767712642,0.269043095833251,"type2","1",0,1,"1"
"559",2.70261650167002,0.974543708064335,2.70261650167002,0.974543708064335,"type2","1",0,1,"1"
"560",2.86585190795514,0.0510929700200317,2.86585190795514,0.0510929700200317,"type2","1",0,1,"1"
"561",2.53218451410924,0.366044346691507,2.53218451410924,0.366044346691507,"type2","1",0,1,"1"
"562",3.14968872867067,1.87813733143074,3.14968872867067,1.87813733143074,"type2","1",0,1,"1"
"563",2.02242047958248,1.34885515706693,2.02242047958248,1.34885515706693,"type2","1",0.8,0.2,"2"
"564",3.38223151462157,0.557505028693455,3.38223151462157,0.557505028693455,"type2","1",0,1,"1"
"565",3.11641128036826,1.55063128988404,3.11641128036826,1.55063128988404,"type2","1",0,1,"1"
"566",2.95079254690817,1.2826631804726,2.95079254690817,1.2826631804726,"type2","1",0,1,"1"
"567",2.39864128221387,1.09763538022729,2.39864128221387,1.09763538022729,"type2","1",0,1,"1"
"568",2.7676874596833,0.301205278840992,2.7676874596833,0.301205278840992,"type2","1",0,1,"1"
"569",2.45891394537502,0.464519044661156,2.45891394537502,0.464519044661156,"type2","1",0,1,"1"
"570",3.64160755320455,0.876564343276398,3.64160755320455,0.876564343276398,"type2","1",0,1,"1"
"571",2.18118937608771,0.878322764900056,2.18118937608771,0.878322764900056,"type2","1",0,1,"1"
"572",2.39251144227093,0.804946054193413,2.39251144227093,0.804946054193413,"type2","1",0,1,"1"
"573",2.02304567640837,0.77087241869494,2.02304567640837,0.77087241869494,"type2","1",0.4,0.6,"3"
"574",2.86951192184225,1.15782601140553,2.86951192184225,1.15782601140553,"type2","1",0,1,"1"
"575",3.1946493844571,1.58147208723747,3.1946493844571,1.58147208723747,"type2","1",0,1,"1"
"576",2.83526818382919,0.387809622389799,2.83526818382919,0.387809622389799,"type2","1",0,1,"1"
"577",2.15799998446049,1.65969177920953,2.15799998446049,1.65969177920953,"type2","1",0,1,"1"
"578",2.34220080764793,0.164799887599045,2.34220080764793,0.164799887599045,"type2","1",0,1,"1"
"579",3.68375065703459,0.202808501487438,3.68375065703459,0.202808501487438,"type2","1",0,1,"1"
"580",2.03622989160207,0.900858018313885,2.03622989160207,0.900858018313885,"type2","1",0.2,0.8,"1"
"581",3.3269674683911,1.84251409703252,3.3269674683911,1.84251409703252,"type2","1",0,1,"1"
"582",3.85955718836798,0.66759179120523,3.85955718836798,0.66759179120523,"type2","1",0,1,"1"
"583",3.62705169154329,0.831901385887356,3.62705169154329,0.831901385887356,"type2","1",0,1,"1"
"584",2.55809322450162,1.48172315391329,2.55809322450162,1.48172315391329,"type2","1",0,1,"1"
"585",3.32258410916682,1.95474080738701,3.32258410916682,1.95474080738701,"type2","1",0,1,"1"
"586",2.73589555726009,1.67624984645224,2.73589555726009,1.67624984645224,"type2","1",0,1,"1"
"587",2.90414789600752,0.881305753491636,2.90414789600752,0.881305753491636,"type2","1",0,1,"1"
"588",2.52811241152834,1.38087457362132,2.52811241152834,1.38087457362132,"type2","1",0,1,"1"
"589",2.52140794633492,0.182243690594198,2.52140794633492,0.182243690594198,"type2","1",0,1,"1"
"590",3.00717305968445,1.24357949660881,3.00717305968445,1.24357949660881,"type2","1",0,1,"1"
"591",3.07056532000983,0.224039869577829,3.07056532000983,0.224039869577829,"type2","1",0,1,"1"
"592",3.80650363511107,1.72368175521849,3.80650363511107,1.72368175521849,"type2","1",0,1,"1"
"593",2.45069192383617,1.71705682172486,2.45069192383617,1.71705682172486,"type2","1",0,1,"1"
"594",2.56870972568193,0.932407981244251,2.56870972568193,0.932407981244251,"type2","1",0,1,"1"
"595",2.53071558024395,1.28896705472471,2.53071558024395,1.28896705472471,"type2","1",0,1,"1"
"596",3.53033752026457,1.77848271768915,3.53033752026457,1.77848271768915,"type2","1",0,1,"1"
"597",2.88097023203901,0.300725266232309,2.88097023203901,0.300725266232309,"type2","1",0,1,"1"
"598",3.93924338620899,0.13666992843141,3.93924338620899,0.13666992843141,"type2","1",0,1,"1"
"599",2.17370502488799,1.18681309053798,2.17370502488799,1.18681309053798,"type2","1",0,1,"1"
"600",2.93454482170139,0.878395235740289,2.93454482170139,0.878395235740289,"type2","1",0,1,"1"
"601",3.73056334686918,0.870596194931396,3.73056334686918,0.870596194931396,"type2","1",0,1,"1"
"602",3.8433799997617,0.339834795267185,3.8433799997617,0.339834795267185,"type2","1",0,1,"1"
"603",2.6001262944191,1.16634639673441,2.6001262944191,1.16634639673441,"type2","1",0,1,"1"
"604",2.22842646222768,1.11629799155826,2.22842646222768,1.11629799155826,"type2","1",0,1,"1"
"605",3.03520497711636,0.202477369668982,3.03520497711636,0.202477369668982,"type2","1",0,1,"1"
"606",3.40448459170398,0.883116441170316,3.40448459170398,0.883116441170316,"type2","1",0,1,"1"
"607",3.34528157074491,1.46272245921468,3.34528157074491,1.46272245921468,"type2","1",0,1,"1"
"608",2.05367863402732,0.154497923683378,2.05367863402732,0.154497923683378,"type2","1",0.2,0.8,"1"
"609",2.15702191603851,0.517122452122915,2.15702191603851,0.517122452122915,"type2","1",0,1,"1"
"610",2.75960817165312,0.905795397580268,2.75960817165312,0.905795397580268,"type2","1",0,1,"1"
"611",3.44562608048905,0.0154292855625295,3.44562608048905,0.0154292855625295,"type2","1",0,1,"1"
"612",2.16853873136281,0.467795727202211,2.16853873136281,0.467795727202211,"type2","1",0,1,"1"
"613",2.93066819750512,0.511546421367052,2.93066819750512,0.511546421367052,"type2","1",0,1,"1"
"614",3.71366935356488,0.353967451733019,3.71366935356488,0.353967451733019,"type2","1",0,1,"1"
"615",3.49132317945791,1.20536856846819,3.49132317945791,1.20536856846819,"type2","1",0,1,"1"
"616",3.60249532801829,0.519827337792368,3.60249532801829,0.519827337792368,"type2","1",0,1,"1"
"617",2.50378748517238,0.33236385648571,2.50378748517238,0.33236385648571,"type2","1",0,1,"1"
"618",3.77677059528768,0.499018479824999,3.77677059528768,0.499018479824999,"type2","1",0,1,"1"
"619",3.2475296034925,0.318142145745938,3.2475296034925,0.318142145745938,"type2","1",0,1,"1"
"620",3.51104825186422,0.725756759931701,3.51104825186422,0.725756759931701,"type2","1",0,1,"1"
"621",3.98287128691352,0.52832251082199,3.98287128691352,0.52832251082199,"type2","1",0,1,"1"
"622",3.96072816567613,0.333644600106993,3.96072816567613,0.333644600106993,"type2","1",0,1,"1"
"623",3.51962100997843,1.46553695441449,3.51962100997843,1.46553695441449,"type2","1",0,1,"1"
"624",2.28903503988692,1.62280678339864,2.28903503988692,1.62280678339864,"type2","1",0,1,"1"
"625",2.52033695825212,1.64119743234772,2.52033695825212,1.64119743234772,"type2","1",0,1,"1"
"626",2.96699084173197,0.804094358765112,2.96699084173197,0.804094358765112,"type2","1",0,1,"1"
"627",3.10860234646496,1.26564012724537,3.10860234646496,1.26564012724537,"type2","1",0,1,"1"
"628",2.72489900275088,1.3919296987765,2.72489900275088,1.3919296987765,"type2","1",0,1,"1"
"629",3.46300999259707,0.510967746105515,3.46300999259707,0.510967746105515,"type2","1",0,1,"1"
"630",3.81916345804582,0.657019614345955,3.81916345804582,0.657019614345955,"type2","1",0,1,"1"
"631",3.62109618630806,1.91820742515657,3.62109618630806,1.91820742515657,"type2","1",0,1,"1"
"632",3.2106577951591,1.17618795630668,3.2106577951591,1.17618795630668,"type2","1",0,1,"1"
"633",2.24157446167061,1.05347592014714,2.24157446167061,1.05347592014714,"type2","1",0,1,"1"
"634",2.19453115546436,0.309077608381436,2.19453115546436,0.309077608381436,"type2","1",0,1,"1"
"635",3.77148945718747,1.40976039469485,3.77148945718747,1.40976039469485,"type2","1",0,1,"1"
"636",2.83355128679385,0.61899110349297,2.83355128679385,0.61899110349297,"type2","1",0,1,"1"
"637",3.45526780732864,0.652073020532315,3.45526780732864,0.652073020532315,"type2","1",0,1,"1"
"638",3.97525419110183,1.3326881945736,3.97525419110183,1.3326881945736,"type2","1",0,1,"1"
"639",2.74630692492254,1.59620669837729,2.74630692492254,1.59620669837729,"type2","1",0,1,"1"
"640",2.11786561076477,1.78902474121554,2.11786561076477,1.78902474121554,"type2","1",0,1,"1"
"641",3.54433819040075,1.51587672422908,3.54433819040075,1.51587672422908,"type2","1",0,1,"1"
"642",2.82691329464898,1.61813692204251,2.82691329464898,1.61813692204251,"type2","1",0,1,"1"
"643",2.88831020393326,0.967721349242841,2.88831020393326,0.967721349242841,"type2","1",0,1,"1"
"644",2.43247960517384,0.126078773481791,2.43247960517384,0.126078773481791,"type2","1",0,1,"1"
"645",2.98218714632451,1.82172810496178,2.98218714632451,1.82172810496178,"type2","1",0,1,"1"
"646",3.29011833436685,1.68370331210556,3.29011833436685,1.68370331210556,"type2","1",0,1,"1"
"647",2.10799367170071,0.7602694954798,2.10799367170071,0.7602694954798,"type2","1",0,1,"1"
"648",3.88253530416158,1.32651606449939,3.88253530416158,1.32651606449939,"type2","1",0,1,"1"
"649",2.38501479988727,1.22044359432795,2.38501479988727,1.22044359432795,"type2","1",0,1,"1"
"650",2.70932781439068,1.85979984228892,2.70932781439068,1.85979984228892,"type2","1",0,1,"1"
"651",3.26848886351453,1.39933183475348,3.26848886351453,1.39933183475348,"type2","1",0,1,"1"
"652",3.2209947205318,0.87184382724552,3.2209947205318,0.87184382724552,"type2","1",0,1,"1"
"653",3.083020425985,1.71706928044235,3.083020425985,1.71706928044235,"type2","1",0,1,"1"
"654",2.55945142762055,0.320833617053394,2.55945142762055,0.320833617053394,"type2","1",0,1,"1"
"655",2.7846898119479,0.0612712204107552,2.7846898119479,0.0612712204107552,"type2","1",0,1,"1"
"656",2.26437358740543,1.42192091391597,2.26437358740543,1.42192091391597,"type2","1",0,1,"1"
"657",3.0190751316851,0.402649347751043,3.0190751316851,0.402649347751043,"type2","1",0,1,"1"
"658",3.67397608685926,0.886804674842368,3.67397608685926,0.886804674842368,"type2","1",0,1,"1"
"659",2.4191706034848,1.60755300901041,2.4191706034848,1.60755300901041,"type2","1",0,1,"1"
"660",3.66116410032747,1.88499002779377,3.66116410032747,1.88499002779377,"type2","1",0,1,"1"
"661",2.85015864331455,1.69367251931358,2.85015864331455,1.69367251931358,"type2","1",0,1,"1"
"662",3.90618749840128,1.17388681320553,3.90618749840128,1.17388681320553,"type2","1",0,1,"1"
"663",3.34270481300807,0.393699706157196,3.34270481300807,0.393699706157196,"type2","1",0,1,"1"
"664",3.24158140271336,0.587815409453158,3.24158140271336,0.587815409453158,"type2","1",0,1,"1"
"665",2.40631928533529,1.4638194523669,2.40631928533529,1.4638194523669,"type2","1",0,1,"1"
"666",2.06653475529667,1.64408074305791,2.06653475529667,1.64408074305791,"type2","1",0.2,0.8,"1"
"667",2.37549597704091,0.466206843160889,2.37549597704091,0.466206843160889,"type2","1",0,1,"1"
"668",3.28213453797091,1.52388469497744,3.28213453797091,1.52388469497744,"type2","1",0,1,"1"
"669",2.28463501187816,1.89611832667293,2.28463501187816,1.89611832667293,"type2","1",0,1,"1"
"670",2.68592956278316,1.92844533004448,2.68592956278316,1.92844533004448,"type2","1",0,1,"1"
"671",2.83013334894307,0.54752630604423,2.83013334894307,0.54752630604423,"type2","1",0,1,"1"
"672",3.61050574317043,1.80216837149557,3.61050574317043,1.80216837149557,"type2","1",0,1,"1"
"673",3.1116045607157,1.98024698194586,3.1116045607157,1.98024698194586,"type2","1",0,1,"1"
"674",2.83311138481207,0.712789706313852,2.83311138481207,0.712789706313852,"type2","1",0,1,"1"
"675",2.07621520913142,0.668930539130393,2.07621520913142,0.668930539130393,"type2","1",0.2,0.8,"1"
"676",2.94419825649643,1.60314160728822,2.94419825649643,1.60314160728822,"type2","1",0,1,"1"
"677",3.27074977455007,0.0777355585540504,3.27074977455007,0.0777355585540504,"type2","1",0,1,"1"
"678",2.52052676904462,0.652926953927653,2.52052676904462,0.652926953927653,"type2","1",0,1,"1"
"679",3.97607458667358,0.420272476266234,3.97607458667358,0.420272476266234,"type2","1",0,1,"1"
"680",2.8074867857218,1.32339492187957,2.8074867857218,1.32339492187957,"type2","1",0,1,"1"
"681",3.59778695959497,1.64647515988626,3.59778695959497,1.64647515988626,"type2","1",0,1,"1"
"682",2.49870283924502,1.79396162836548,2.49870283924502,1.79396162836548,"type2","1",0,1,"1"
"683",2.103565991922,1.29163313839949,2.103565991922,1.29163313839949,"type2","1",0,1,"1"
"684",2.44799633135048,0.0762636715040734,2.44799633135048,0.0762636715040734,"type2","1",0,1,"1"
"685",2.22485924093833,0.218275004537422,2.22485924093833,0.218275004537422,"type2","1",0,1,"1"
"686",3.88683028300182,1.40402625281233,3.88683028300182,1.40402625281233,"type2","1",0,1,"1"
"687",3.75112302945565,1.9166624529787,3.75112302945565,1.9166624529787,"type2","1",0,1,"1"
"688",2.0212869498383,1.40393772312781,2.0212869498383,1.40393772312781,"type2","1",0.8,0.2,"2"
"689",3.03764701826668,0.629867422174288,3.03764701826668,0.629867422174288,"type2","1",0,1,"1"
"690",2.27528332437193,1.36291392077427,2.27528332437193,1.36291392077427,"type2","1",0,1,"1"
"691",2.54302690394702,0.117070993201887,2.54302690394702,0.117070993201887,"type2","1",0,1,"1"
"692",3.01651750867558,1.86078154422341,3.01651750867558,1.86078154422341,"type2","1",0,1,"1"
"693",3.6062938208335,1.94125007209622,3.6062938208335,1.94125007209622,"type2","1",0,1,"1"
"694",3.45730350937568,0.410492244812176,3.45730350937568,0.410492244812176,"type2","1",0,1,"1"
"695",3.60544231270623,0.340135446097729,3.60544231270623,0.340135446097729,"type2","1",0,1,"1"
"696",3.60118312756986,0.525590175148431,3.60118312756986,0.525590175148431,"type2","1",0,1,"1"
"697",3.88874048516403,1.92687164212011,3.88874048516403,1.92687164212011,"type2","1",0,1,"1"
"698",3.99872203363932,1.0578453576257,3.99872203363932,1.0578453576257,"type2","1",0,1,"1"
"699",2.57546405326983,0.466028003686243,2.57546405326983,0.466028003686243,"type2","1",0,1,"1"
"700",3.27461040786401,1.16789561017038,3.27461040786401,1.16789561017038,"type2","1",0,1,"1"
"701",3.73157802626023,1.81791178932212,3.73157802626023,1.81791178932212,"type2","1",0,1,"1"
"702",3.18906394449733,0.0008581243962175,3.18906394449733,0.0008581243962175,"type2","1",0,1,"1"
"703",2.06351978100641,0.498393807981813,2.06351978100641,0.498393807981813,"type2","1",0,1,"1"
"704",2.8622360355778,1.78573937485178,2.8622360355778,1.78573937485178,"type2","1",0,1,"1"
"705",2.61760304081746,0.73053910212366,2.61760304081746,0.73053910212366,"type2","1",0,1,"1"
"706",3.75565386159458,1.03485310170067,3.75565386159458,1.03485310170067,"type2","1",0,1,"1"
"707",3.82228741869732,1.99475639871911,3.82228741869732,1.99475639871911,"type2","1",0,1,"1"
"708",2.5444425449092,1.67777338253106,2.5444425449092,1.67777338253106,"type2","1",0,1,"1"
"709",3.95544453817424,1.34902154612243,3.95544453817424,1.34902154612243,"type2","1",0,1,"1"
"710",3.48866451208127,1.00383099435657,3.48866451208127,1.00383099435657,"type2","1",0,1,"1"
"711",2.29913371124777,1.00896423511892,2.29913371124777,1.00896423511892,"type2","1",0,1,"1"
"712",3.3188265018459,1.79924898683437,3.3188265018459,1.79924898683437,"type2","1",0,1,"1"
"713",2.56096242977102,0.789679630269445,2.56096242977102,0.789679630269445,"type2","1",0,1,"1"
"714",3.49734441230659,1.69667677759792,3.49734441230659,1.69667677759792,"type2","1",0,1,"1"
"715",3.87347465399383,1.35480437265322,3.87347465399383,1.35480437265322,"type2","1",0,1,"1"
"716",2.08924893406826,0.469535134583019,2.08924893406826,0.469535134583019,"type2","1",0,1,"1"
"717",2.69985691886326,0.749345015596872,2.69985691886326,0.749345015596872,"type2","1",0,1,"1"
"718",3.99711815872583,0.8533947470626,3.99711815872583,0.8533947470626,"type2","1",0,1,"1"
"719",3.41419761890903,1.49244734999633,3.41419761890903,1.49244734999633,"type2","1",0,1,"1"
"720",2.64327328380578,1.58552745082356,2.64327328380578,1.58552745082356,"type2","1",0,1,"1"
"721",3.36327220287395,1.38597044714916,3.36327220287395,1.38597044714916,"type2","1",0,1,"1"
"722",3.13028414826313,1.31021581649691,3.13028414826313,1.31021581649691,"type2","1",0,1,"1"
"723",3.51496691951454,0.922027319610824,3.51496691951454,0.922027319610824,"type2","1",0,1,"1"
"724",2.99638204438424,1.26423063187186,2.99638204438424,1.26423063187186,"type2","1",0,1,"1"
"725",3.20327360850717,0.16262639671411,3.20327360850717,0.16262639671411,"type2","1",0,1,"1"
"726",3.16993395215947,0.708797592257408,3.16993395215947,0.708797592257408,"type2","1",0,1,"1"
"727",3.81748528826444,0.231556971429961,3.81748528826444,0.231556971429961,"type2","1",0,1,"1"
"728",2.28810379147973,0.589383334088732,2.28810379147973,0.589383334088732,"type2","1",0,1,"1"
"729",3.34449651348787,1.59197428856195,3.34449651348787,1.59197428856195,"type2","1",0,1,"1"
"730",3.80343517038963,1.432120903886,3.80343517038963,1.432120903886,"type2","1",0,1,"1"
"731",3.3938004056366,1.66989747062201,3.3938004056366,1.66989747062201,"type2","1",0,1,"1"
"732",3.3334241046378,0.188969822796634,3.3334241046378,0.188969822796634,"type2","1",0,1,"1"
"733",3.02966227764404,1.20341776473801,3.02966227764404,1.20341776473801,"type2","1",0,1,"1"
"734",2.77890151487182,0.3369104141537,2.77890151487182,0.3369104141537,"type2","1",0,1,"1"
"735",3.07166588970053,1.46185942696872,3.07166588970053,1.46185942696872,"type2","1",0,1,"1"
"736",2.1535624953555,1.60456196213007,2.1535624953555,1.60456196213007,"type2","1",0,1,"1"
"737",2.15264339506251,0.333153163849906,2.15264339506251,0.333153163849906,"type2","1",0,1,"1"
"738",2.28391355614603,1.30747793472545,2.28391355614603,1.30747793472545,"type2","1",0,1,"1"
"739",2.1808452127836,1.16945728578958,2.1808452127836,1.16945728578958,"type2","1",0,1,"1"
"740",3.70607494372927,0.383826609721824,3.70607494372927,0.383826609721824,"type2","1",0,1,"1"
"741",2.71867289525215,1.28375672861614,2.71867289525215,1.28375672861614,"type2","1",0,1,"1"
"742",2.30124708361812,0.699548523084332,2.30124708361812,0.699548523084332,"type2","1",0,1,"1"
"743",2.00047532381855,0.212784163345486,2.00047532381855,0.212784163345486,"type2","1",0.4,0.6,"3"
"744",3.81013707525084,0.336483866844837,3.81013707525084,0.336483866844837,"type2","1",0,1,"1"
"745",3.47504205076965,1.12792311876921,3.47504205076965,1.12792311876921,"type2","1",0,1,"1"
"746",3.55207274232035,0.363635134663173,3.55207274232035,0.363635134663173,"type2","1",0,1,"1"
"747",2.20919945591195,1.91997847176422,2.20919945591195,1.91997847176422,"type2","1",0,1,"1"
"748",2.43805075508457,1.23079707234412,2.43805075508457,1.23079707234412,"type2","1",0,1,"1"
"749",2.55808111649139,0.280594316693529,2.55808111649139,0.280594316693529,"type2","1",0,1,"1"
"750",2.97062760664428,0.855413570512885,2.97062760664428,0.855413570512885,"type2","1",0,1,"1"
"751",2.0549711678615,0.306230812594072,2.0549711678615,0.306230812594072,"type2","1",0.2,0.8,"1"
"752",3.38399437540293,1.30220234613307,3.38399437540293,1.30220234613307,"type2","1",0,1,"1"
"753",3.59640790097664,1.04726458172918,3.59640790097664,1.04726458172918,"type2","1",0,1,"1"
"754",2.50167016177365,0.368732672885325,2.50167016177365,0.368732672885325,"type2","1",0,1,"1"
"755",2.5699500841408,1.38012691752297,2.5699500841408,1.38012691752297,"type2","1",0,1,"1"
"756",3.63332013274598,1.04788757265778,3.63332013274598,1.04788757265778,"type2","1",0,1,"1"
"757",3.91886029671719,0.139298910662297,3.91886029671719,0.139298910662297,"type2","1",0,1,"1"
"758",2.12316910677,1.58134518838513,2.12316910677,1.58134518838513,"type2","1",0,1,"1"
"759",3.19244936344505,0.873076448534768,3.19244936344505,0.873076448534768,"type2","1",0,1,"1"
"760",2.83620967298634,1.50683829124122,2.83620967298634,1.50683829124122,"type2","1",0,1,"1"
"761",3.02408164276847,1.1272954117526,3.02408164276847,1.1272954117526,"type2","1",0,1,"1"
"762",3.82921411527838,1.1326697608101,3.82921411527838,1.1326697608101,"type2","1",0,1,"1"
"763",2.80516920010621,0.446307698459417,2.80516920010621,0.446307698459417,"type2","1",0,1,"1"
"764",2.24578379706615,0.558875431974821,2.24578379706615,0.558875431974821,"type2","1",0,1,"1"
"765",3.04047952648421,1.4466328368301,3.04047952648421,1.4466328368301,"type2","1",0,1,"1"
"766",3.90710582900627,0.210880664668236,3.90710582900627,0.210880664668236,"type2","1",0,1,"1"
"767",2.24500266668499,0.526476389423821,2.24500266668499,0.526476389423821,"type2","1",0,1,"1"
"768",3.49796911350778,0.0500968325189337,3.49796911350778,0.0500968325189337,"type2","1",0,1,"1"
"769",3.3572749822116,1.1296542729312,3.3572749822116,1.1296542729312,"type2","1",0,1,"1"
"770",3.82516993473959,1.46468755345723,3.82516993473959,1.46468755345723,"type2","1",0,1,"1"
"771",2.0375733439479,0.155208901579104,2.0375733439479,0.155208901579104,"type2","1",0.4,0.6,"3"
"772",2.152230940916,0.946663956097082,2.152230940916,0.946663956097082,"type2","1",0,1,"1"
"773",2.05502575154629,1.95571679798131,2.05502575154629,1.95571679798131,"type2","1",0.4,0.6,"3"
"774",2.10293656806784,0.671179962148597,2.10293656806784,0.671179962148597,"type2","1",0,1,"1"
"775",2.83985291852584,0.831493095468152,2.83985291852584,0.831493095468152,"type2","1",0,1,"1"
"776",2.82682275003572,1.93822343589105,2.82682275003572,1.93822343589105,"type2","1",0,1,"1"
"777",3.2090292291665,1.76008355621253,3.2090292291665,1.76008355621253,"type2","1",0,1,"1"
"778",2.74149845806603,1.60156483946218,2.74149845806603,1.60156483946218,"type2","1",0,1,"1"
"779",3.51333512310384,0.0067862270311256,3.51333512310384,0.0067862270311256,"type2","1",0,1,"1"
"780",3.26021338531797,1.34890934022062,3.26021338531797,1.34890934022062,"type2","1",0,1,"1"
"781",2.70751192776605,1.75324732330223,2.70751192776605,1.75324732330223,"type2","1",0,1,"1"
"782",3.16270284782958,0.727471062769028,3.16270284782958,0.727471062769028,"type2","1",0,1,"1"
"783",2.44739979305059,0.840667003682027,2.44739979305059,0.840667003682027,"type2","1",0,1,"1"
"784",3.68387369258072,0.155312556019563,3.68387369258072,0.155312556019563,"type2","1",0,1,"1"
"785",2.4413887248297,1.46482396275396,2.4413887248297,1.46482396275396,"type2","1",0,1,"1"
"786",3.76683115390105,1.86747847351324,3.76683115390105,1.86747847351324,"type2","1",0,1,"1"
"787",2.80413332145246,0.55879725065009,2.80413332145246,0.55879725065009,"type2","1",0,1,"1"
"788",3.73130054765867,0.0224554198096107,3.73130054765867,0.0224554198096107,"type2","1",0,1,"1"
"789",2.68059924492149,0.043364041668275,2.68059924492149,0.043364041668275,"type2","1",0,1,"1"
"790",3.83189101712924,1.38801706599735,3.83189101712924,1.38801706599735,"type2","1",0,1,"1"
"791",2.29595780288456,0.400694482614628,2.29595780288456,0.400694482614628,"type2","1",0,1,"1"
"792",2.2956951275667,0.743920445234924,2.2956951275667,0.743920445234924,"type2","1",0,1,"1"
"793",2.33122295161098,0.738273689273437,2.33122295161098,0.738273689273437,"type2","1",0,1,"1"
"794",2.52170589792678,0.316749708623297,2.52170589792678,0.316749708623297,"type2","1",0,1,"1"
"795",2.78528532793547,0.724394694191199,2.78528532793547,0.724394694191199,"type2","1",0,1,"1"
"796",3.04821265734854,0.283242284685595,3.04821265734854,0.283242284685595,"type2","1",0,1,"1"
"797",2.24231334098322,1.70666391867251,2.24231334098322,1.70666391867251,"type2","1",0,1,"1"
"798",2.54646933224545,1.81621748905157,2.54646933224545,1.81621748905157,"type2","1",0,1,"1"
"799",2.16978304969729,1.35752465616073,2.16978304969729,1.35752465616073,"type2","1",0,1,"1"
"800",3.80403762553024,1.74451239862442,3.80403762553024,1.74451239862442,"type2","1",0,1,"1"
"801",2.07993787219325,0.444341217825397,2.07993787219325,0.444341217825397,"type2","1",0,1,"1"
"802",3.52768746550282,1.3880596162857,3.52768746550282,1.3880596162857,"type2","1",0,1,"1"
"803",3.91897214242922,0.159159062283265,3.91897214242922,0.159159062283265,"type2","1",0,1,"1"
"804",2.65959124163093,0.798720335084071,2.65959124163093,0.798720335084071,"type2","1",0,1,"1"
"805",3.49941288946842,1.4201972763245,3.49941288946842,1.4201972763245,"type2","1",0,1,"1"
"806",3.3858511832765,1.78844873939157,3.3858511832765,1.78844873939157,"type2","1",0,1,"1"
"807",3.71620076407737,0.703465378191298,3.71620076407737,0.703465378191298,"type2","1",0,1,"1"
"808",3.21576468563336,1.73888642275641,3.21576468563336,1.73888642275641,"type2","1",0,1,"1"
"809",2.9712680176495,0.612870499520797,2.9712680176495,0.612870499520797,"type2","1",0,1,"1"
"810",3.4201231477739,0.390358235161267,3.4201231477739,0.390358235161267,"type2","1",0,1,"1"
"811",3.83201866483352,1.33534675012839,3.83201866483352,1.33534675012839,"type2","1",0,1,"1"
"812",2.94557137757737,0.781493189017729,2.94557137757737,0.781493189017729,"type2","1",0,1,"1"
"813",2.17574849970514,1.09704788585841,2.17574849970514,1.09704788585841,"type2","1",0,1,"1"
"814",2.19395470618497,1.85628445838297,2.19395470618497,1.85628445838297,"type2","1",0,1,"1"
"815",3.32656402188582,1.81335871887404,3.32656402188582,1.81335871887404,"type2","1",0,1,"1"
"816",2.53511180762049,1.18250827414843,2.53511180762049,1.18250827414843,"type2","1",0,1,"1"
"817",3.95457891674637,0.996981628702065,3.95457891674637,0.996981628702065,"type2","1",0,1,"1"
"818",3.84289732196245,0.657761084574068,3.84289732196245,0.657761084574068,"type2","1",0,1,"1"
"819",2.22873351950219,0.641307721877272,2.22873351950219,0.641307721877272,"type2","1",0,1,"1"
"820",2.68556125741015,0.694174165529923,2.68556125741015,0.694174165529923,"type2","1",0,1,"1"
"821",3.11821854999664,1.82315113511724,3.11821854999664,1.82315113511724,"type2","1",0,1,"1"
"822",2.84049397336101,1.93323973464583,2.84049397336101,1.93323973464583,"type2","1",0,1,"1"
"823",2.57190075061187,0.183232240422859,2.57190075061187,0.183232240422859,"type2","1",0,1,"1"
"824",2.5592420429522,1.78389018005393,2.5592420429522,1.78389018005393,"type2","1",0,1,"1"
"825",3.5748383082822,0.255819250960059,3.5748383082822,0.255819250960059,"type2","1",0,1,"1"
"826",3.1346202034063,1.98414286939237,3.1346202034063,1.98414286939237,"type2","1",0,1,"1"
"827",3.46686703763767,1.89411929435668,3.46686703763767,1.89411929435668,"type2","1",0,1,"1"
"828",2.56678355978353,0.930183509385471,2.56678355978353,0.930183509385471,"type2","1",0,1,"1"
"829",3.27597986463638,0.544470001193379,3.27597986463638,0.544470001193379,"type2","1",0,1,"1"
"830",2.89300139310993,1.99558912844788,2.89300139310993,1.99558912844788,"type2","1",0,1,"1"
"831",2.40006023520841,0.928333844839521,2.40006023520841,0.928333844839521,"type2","1",0,1,"1"
"832",2.33683877588865,1.00602645550174,2.33683877588865,1.00602645550174,"type2","1",0,1,"1"
"833",2.92891041796514,0.318558498360471,2.92891041796514,0.318558498360471,"type2","1",0,1,"1"
"834",2.81860912018497,0.154215798091129,2.81860912018497,0.154215798091129,"type2","1",0,1,"1"
"835",2.21359507738078,1.3255377881862,2.21359507738078,1.3255377881862,"type2","1",0,1,"1"
"836",2.37148957848878,1.7654283339916,2.37148957848878,1.7654283339916,"type2","1",0,1,"1"
"837",3.08722171817215,0.581830547207852,3.08722171817215,0.581830547207852,"type2","1",0,1,"1"
"838",3.52956011135902,1.29407974049727,3.52956011135902,1.29407974049727,"type2","1",0,1,"1"
"839",2.30676757243008,0.321765714222681,2.30676757243008,0.321765714222681,"type2","1",0,1,"1"
"840",2.99706035410854,1.70418799134863,2.99706035410854,1.70418799134863,"type2","1",0,1,"1"
"841",2.37244094180454,1.74567458792385,2.37244094180454,1.74567458792385,"type2","1",0,1,"1"
"842",2.22227495539271,1.39652601311666,2.22227495539271,1.39652601311666,"type2","1",0,1,"1"
"843",2.91910304109623,0.880892215439651,2.91910304109623,0.880892215439651,"type2","1",0,1,"1"
"844",2.57955116686404,1.45108527589509,2.57955116686404,1.45108527589509,"type2","1",0,1,"1"
"845",2.20642512712407,0.528451940794044,2.20642512712407,0.528451940794044,"type2","1",0,1,"1"
"846",3.1208759973906,0.765889202748576,3.1208759973906,0.765889202748576,"type2","1",0,1,"1"
"847",3.03803600788015,1.872672025496,3.03803600788015,1.872672025496,"type2","1",0,1,"1"
"848",2.430532342163,1.41940507659694,2.430532342163,1.41940507659694,"type2","1",0,1,"1"
"849",2.22569735746889,0.185753188160929,2.22569735746889,0.185753188160929,"type2","1",0,1,"1"
"850",2.94666420133336,0.846965035314503,2.94666420133336,0.846965035314503,"type2","1",0,1,"1"
"851",3.34090439454413,0.952190987724503,3.34090439454413,0.952190987724503,"type2","1",0,1,"1"
"852",3.4889888322386,0.418041702458173,3.4889888322386,0.418041702458173,"type2","1",0,1,"1"
"853",2.99802881476404,0.704490058967812,2.99802881476404,0.704490058967812,"type2","1",0,1,"1"
"854",2.56630524215462,0.2033996908381,2.56630524215462,0.2033996908381,"type2","1",0,1,"1"
"855",2.35759138995871,1.61050908881366,2.35759138995871,1.61050908881366,"type2","1",0,1,"1"
"856",2.96441838082434,1.16538233726464,2.96441838082434,1.16538233726464,"type2","1",0,1,"1"
"857",2.6041778526026,1.47341974045409,2.6041778526026,1.47341974045409,"type2","1",0,1,"1"
"858",3.73137668895795,1.94775431323656,3.73137668895795,1.94775431323656,"type2","1",0,1,"1"
"859",2.59648309154359,1.727522390254,2.59648309154359,1.727522390254,"type2","1",0,1,"1"
"860",3.20238437010343,0.815554404231295,3.20238437010343,0.815554404231295,"type2","1",0,1,"1"
"861",2.7971594794959,0.654152177065682,2.7971594794959,0.654152177065682,"type2","1",0,1,"1"
"862",3.15585013873014,1.96514824551912,3.15585013873014,1.96514824551912,"type2","1",0,1,"1"
"863",2.427149149382,1.40762643733105,2.427149149382,1.40762643733105,"type2","1",0,1,"1"
"864",2.31722816673075,0.69243506677995,2.31722816673075,0.69243506677995,"type2","1",0,1,"1"
"865",2.45991089512576,0.680661572413235,2.45991089512576,0.680661572413235,"type2","1",0,1,"1"
"866",3.72017099554716,0.0663314208948469,3.72017099554716,0.0663314208948469,"type2","1",0,1,"1"
"867",2.01575035402985,1.80026758652046,2.01575035402985,1.80026758652046,"type2","1",0.6,0.4,"3"
"868",2.99578701488862,1.94731618969548,2.99578701488862,1.94731618969548,"type2","1",0,1,"1"
"869",2.8102826988954,1.38507334425012,2.8102826988954,1.38507334425012,"type2","1",0,1,"1"
"870",2.53239793491495,1.17304962513951,2.53239793491495,1.17304962513951,"type2","1",0,1,"1"
"871",3.68947928897234,1.22370860074762,3.68947928897234,1.22370860074762,"type2","1",0,1,"1"
"872",2.00159110078386,0.579110874960408,2.00159110078386,0.579110874960408,"type2","1",0.4,0.6,"3"
"873",2.12068461550744,0.447353065717647,2.12068461550744,0.447353065717647,"type2","1",0,1,"1"
"874",2.90507836790412,1.4554722552574,2.90507836790412,1.4554722552574,"type2","1",0,1,"1"
"875",2.04257744908112,0.884187246337267,2.04257744908112,0.884187246337267,"type2","1",0,1,"1"
"876",2.55547246520311,1.4173582167795,2.55547246520311,1.4173582167795,"type2","1",0,1,"1"
"877",3.51581147437957,1.39827285302078,3.51581147437957,1.39827285302078,"type2","1",0,1,"1"
"878",3.15552737378318,0.723723414439136,3.15552737378318,0.723723414439136,"type2","1",0,1,"1"
"879",2.8798853397867,0.314376204765996,2.8798853397867,0.314376204765996,"type2","1",0,1,"1"
"880",3.33634221959037,1.59841012950252,3.33634221959037,1.59841012950252,"type2","1",0,1,"1"
"881",3.070664700674,1.25613357467639,3.070664700674,1.25613357467639,"type2","1",0,1,"1"
"882",2.86073963358189,1.36366603598382,2.86073963358189,1.36366603598382,"type2","1",0,1,"1"
"883",3.79950279955937,1.00350021247239,3.79950279955937,1.00350021247239,"type2","1",0,1,"1"
"884",2.85341608662976,1.81507034199128,2.85341608662976,1.81507034199128,"type2","1",0,1,"1"
"885",3.57544438808732,1.09501210562172,3.57544438808732,1.09501210562172,"type2","1",0,1,"1"
"886",2.16708537694298,1.87724961626402,2.16708537694298,1.87724961626402,"type2","1",0,1,"1"
"887",3.27789756411117,1.5690529295512,3.27789756411117,1.5690529295512,"type2","1",0,1,"1"
"888",2.77180935549724,1.26436884920007,2.77180935549724,1.26436884920007,"type2","1",0,1,"1"
"889",3.58803363234734,0.424755038309589,3.58803363234734,0.424755038309589,"type2","1",0,1,"1"
"890",3.91275544788402,0.429017739487335,3.91275544788402,0.429017739487335,"type2","1",0,1,"1"
"891",3.96182096722681,1.0732490948263,3.96182096722681,1.0732490948263,"type2","1",0,1,"1"
"892",2.67411738604974,1.09097963168248,2.67411738604974,1.09097963168248,"type2","1",0,1,"1"
"893",3.55629293616881,0.131259612172973,3.55629293616881,0.131259612172973,"type2","1",0,1,"1"
"894",2.86833653197671,0.0938872912304975,2.86833653197671,0.0938872912304975,"type2","1",0,1,"1"
"895",2.65894850792672,1.52349777430325,2.65894850792672,1.52349777430325,"type2","1",0,1,"1"
"896",3.3626421344686,1.29249909002315,3.3626421344686,1.29249909002315,"type2","1",0,1,"1"
"897",3.59091772427221,0.577292994503641,3.59091772427221,0.577292994503641,"type2","1",0,1,"1"
"898",2.44254429378267,1.60116967283603,2.44254429378267,1.60116967283603,"type2","1",0,1,"1"
"899",2.33818805089709,1.28291254331316,2.33818805089709,1.28291254331316,"type2","1",0,1,"1"
"900",2.2763181277675,0.158572304034859,2.2763181277675,0.158572304034859,"type2","1",0,1,"1"
"901",3.56392754965071,0.156513864421705,3.56392754965071,0.156513864421705,"type2","1",0,1,"1"
"902",2.72953886016083,0.566555601976204,2.72953886016083,0.566555601976204,"type2","1",0,1,"1"
"903",3.3881708042647,1.02606984423646,3.3881708042647,1.02606984423646,"type2","1",0,1,"1"
"904",3.3905503508034,1.85328362417187,3.3905503508034,1.85328362417187,"type2","1",0,1,"1"
"905",2.79280873132209,1.5192404441472,2.79280873132209,1.5192404441472,"type2","1",0,1,"1"
"906",2.82243298024736,1.46987378142678,2.82243298024736,1.46987378142678,"type2","1",0,1,"1"
"907",2.95512102785844,0.0890847789993989,2.95512102785844,0.0890847789993989,"type2","1",0,1,"1"
"908",3.39163984001344,1.4634155566301,3.39163984001344,1.4634155566301,"type2","1",0,1,"1"
"909",3.25665823626524,1.52903692604415,3.25665823626524,1.52903692604415,"type2","1",0,1,"1"
"910",3.59357936812874,0.945018912204144,3.59357936812874,0.945018912204144,"type2","1",0,1,"1"
"911",3.34777457948704,1.53199553488598,3.34777457948704,1.53199553488598,"type2","1",0,1,"1"
"912",2.44307872757921,1.54437717070599,2.44307872757921,1.54437717070599,"type2","1",0,1,"1"
"913",2.67749341862774,0.651635972090157,2.67749341862774,0.651635972090157,"type2","1",0,1,"1"
"914",2.43004827572203,1.04713528564362,2.43004827572203,1.04713528564362,"type2","1",0,1,"1"
"915",2.55986682119653,1.55388595549491,2.55986682119653,1.55388595549491,"type2","1",0,1,"1"
"916",3.35689709357265,1.67528210235483,3.35689709357265,1.67528210235483,"type2","1",0,1,"1"
"917",2.21376474294913,0.59364620957053,2.21376474294913,0.59364620957053,"type2","1",0,1,"1"
"918",2.26426254552573,0.961269839677369,2.26426254552573,0.961269839677369,"type2","1",0,1,"1"
"919",2.23337558779491,0.184511854600848,2.23337558779491,0.184511854600848,"type2","1",0,1,"1"
"920",2.70014903613815,0.96348188247699,2.70014903613815,0.96348188247699,"type2","1",0,1,"1"
"921",2.24999910358045,0.866185061849489,2.24999910358045,0.866185061849489,"type2","1",0,1,"1"
"922",3.54460710448403,0.220101150407026,3.54460710448403,0.220101150407026,"type2","1",0,1,"1"
"923",3.92687561308999,1.37654434957879,3.92687561308999,1.37654434957879,"type2","1",0,1,"1"
"924",2.30628952443345,0.583940218261995,2.30628952443345,0.583940218261995,"type2","1",0,1,"1"
"925",2.98014578403435,0.29513862513927,2.98014578403435,0.29513862513927,"type2","1",0,1,"1"
"926",2.70429348369229,1.02848205355185,2.70429348369229,1.02848205355185,"type2","1",0,1,"1"
"927",2.94713396194715,0.220817054490711,2.94713396194715,0.220817054490711,"type2","1",0,1,"1"
"928",2.94337872665268,0.462390280728725,2.94337872665268,0.462390280728725,"type2","1",0,1,"1"
"929",2.66096334575281,0.841628588277892,2.66096334575281,0.841628588277892,"type2","1",0,1,"1"
"930",3.68560323339662,0.291764345124224,3.68560323339662,0.291764345124224,"type2","1",0,1,"1"
"931",3.74419768816741,1.42837055867247,3.74419768816741,1.42837055867247,"type2","1",0,1,"1"
"932",2.53831719751078,0.751042252868347,2.53831719751078,0.751042252868347,"type2","1",0,1,"1"
"933",3.60775467254039,1.38119263155308,3.60775467254039,1.38119263155308,"type2","1",0,1,"1"
"934",2.1957937062165,0.90504414269642,2.1957937062165,0.90504414269642,"type2","1",0,1,"1"
"935",2.39608704343031,0.592878281106007,2.39608704343031,0.592878281106007,"type2","1",0,1,"1"
"936",2.87657425528781,0.736461828872021,2.87657425528781,0.736461828872021,"type2","1",0,1,"1"
"937",2.55109190912134,1.8672452979184,2.55109190912134,1.8672452979184,"type2","1",0,1,"1"
"938",3.72387127004361,0.537106474301358,3.72387127004361,0.537106474301358,"type2","1",0,1,"1"
"939",2.43890200381557,1.85109574324522,2.43890200381557,1.85109574324522,"type2","1",0,1,"1"
"940",2.52378798013796,1.20271171350237,2.52378798013796,1.20271171350237,"type2","1",0,1,"1"
"941",2.64241225142517,1.52867122828183,2.64241225142517,1.52867122828183,"type2","1",0,1,"1"
"942",3.98626389329506,1.58597284250245,3.98626389329506,1.58597284250245,"type2","1",0,1,"1"
"943",2.98086679226802,0.462766195312238,2.98086679226802,0.462766195312238,"type2","1",0,1,"1"
"944",2.99745643618215,0.247258862345419,2.99745643618215,0.247258862345419,"type2","1",0,1,"1"
"945",3.87723932955462,0.355952130802501,3.87723932955462,0.355952130802501,"type2","1",0,1,"1"
"946",2.39949633816226,1.28898096681134,2.39949633816226,1.28898096681134,"type2","1",0,1,"1"
"947",2.8029710984079,1.11601613463247,2.8029710984079,1.11601613463247,"type2","1",0,1,"1"
"948",3.09358102595995,0.716393807656803,3.09358102595995,0.716393807656803,"type2","1",0,1,"1"
"949",3.7076523637187,0.0405751025543099,3.7076523637187,0.0405751025543099,"type2","1",0,1,"1"
"950",3.82160325695549,1.78865834928788,3.82160325695549,1.78865834928788,"type2","1",0,1,"1"
"951",3.47295721285582,1.34494986480423,3.47295721285582,1.34494986480423,"type2","1",0,1,"1"
"952",3.54640546058789,1.85321814063309,3.54640546058789,1.85321814063309,"type2","1",0,1,"1"
"953",2.7048807864167,0.208178676916348,2.7048807864167,0.208178676916348,"type2","1",0,1,"1"
"954",2.75120022265063,1.21536256927202,2.75120022265063,1.21536256927202,"type2","1",0,1,"1"
"955",2.83968285892278,1.03580247628873,2.83968285892278,1.03580247628873,"type2","1",0,1,"1"
"956",3.69194537877223,1.31623765872724,3.69194537877223,1.31623765872724,"type2","1",0,1,"1"
"957",3.88760494229435,0.500833328856287,3.88760494229435,0.500833328856287,"type2","1",0,1,"1"
"958",2.31701635242138,0.49852772509915,2.31701635242138,0.49852772509915,"type2","1",0,1,"1"
"959",3.44374215760133,0.882495092633171,3.44374215760133,0.882495092633171,"type2","1",0,1,"1"
"960",3.86905928003451,1.97378851425437,3.86905928003451,1.97378851425437,"type2","1",0,1,"1"
"961",2.15601068974906,1.54127338713846,2.15601068974906,1.54127338713846,"type2","1",0,1,"1"
"962",2.12286716812787,0.374362346392527,2.12286716812787,0.374362346392527,"type2","1",0,1,"1"
"963",2.36730164373302,1.81933365926524,2.36730164373302,1.81933365926524,"type2","1",0,1,"1"
"964",2.17865982146655,1.55095347155784,2.17865982146655,1.55095347155784,"type2","1",0,1,"1"
"965",2.99768909755455,0.239528785960677,2.99768909755455,0.239528785960677,"type2","1",0,1,"1"
"966",2.7921605344111,1.48326432314958,2.7921605344111,1.48326432314958,"type2","1",0,1,"1"
"967",3.05685838550202,1.94606683205801,3.05685838550202,1.94606683205801,"type2","1",0,1,"1"
"968",2.37299126965483,1.67281136684908,2.37299126965483,1.67281136684908,"type2","1",0,1,"1"
"969",2.503939698829,1.34494274750624,2.503939698829,1.34494274750624,"type2","1",0,1,"1"
"970",3.87231403051918,0.0099517669829194,3.87231403051918,0.0099517669829194,"type2","1",0,1,"1"
"971",3.39490140504765,0.443476070384965,3.39490140504765,0.443476070384965,"type2","1",0,1,"1"
"972",3.99792965675887,0.0566107387479979,3.99792965675887,0.0566107387479979,"type2","1",0,1,"1"
"973",3.20629369383932,1.79990234450551,3.20629369383932,1.79990234450551,"type2","1",0,1,"1"
"974",2.60391213124655,0.728786273886038,2.60391213124655,0.728786273886038,"type2","1",0,1,"1"
"975",3.23288400391679,1.20376868371665,3.23288400391679,1.20376868371665,"type2","1",0,1,"1"
"976",2.23952840602825,1.93435387313534,2.23952840602825,1.93435387313534,"type2","1",0,1,"1"
"977",2.18176256307727,0.676948556159436,2.18176256307727,0.676948556159436,"type2","1",0,1,"1"
"978",3.16248631318568,1.177980826324,3.16248631318568,1.177980826324,"type2","1",0,1,"1"
"979",3.1572139899723,0.0230604059161947,3.1572139899723,0.0230604059161947,"type2","1",0,1,"1"
"980",3.2371692629357,0.612964180400401,3.2371692629357,0.612964180400401,"type2","1",0,1,"1"
"981",2.68044193430205,1.38298581129715,2.68044193430205,1.38298581129715,"type2","1",0,1,"1"
"982",3.29568656650827,0.710897937595657,3.29568656650827,0.710897937595657,"type2","1",0,1,"1"
"983",2.69690432319686,0.474204916497325,2.69690432319686,0.474204916497325,"type2","1",0,1,"1"
"984",3.34061886106176,1.5867226061241,3.34061886106176,1.5867226061241,"type2","1",0,1,"1"
"985",3.99367059218265,1.42160527576795,3.99367059218265,1.42160527576795,"type2","1",0,1,"1"
"986",3.7847156897432,0.569856003385829,3.7847156897432,0.569856003385829,"type2","1",0,1,"1"
"987",2.84592582093287,1.70425802678948,2.84592582093287,1.70425802678948,"type2","1",0,1,"1"
"988",2.90544529093966,1.5645576899324,2.90544529093966,1.5645576899324,"type2","1",0,1,"1"
"989",2.01948294911259,1.05153618062203,2.01948294911259,1.05153618062203,"type2","1",0.8,0.2,"2"
"990",2.76917406315623,1.67258336139499,2.76917406315623,1.67258336139499,"type2","1",0,1,"1"
"991",2.5138657278217,0.355905111548748,2.5138657278217,0.355905111548748,"type2","1",0,1,"1"
"992",3.47767705695456,1.68583107399528,3.47767705695456,1.68583107399528,"type2","1",0,1,"1"
"993",3.69074144077088,1.15061610928441,3.69074144077088,1.15061610928441,"type2","1",0,1,"1"
"994",3.20344185705339,1.47926531685275,3.20344185705339,1.47926531685275,"type2","1",0,1,"1"
"995",2.72899327462441,1.41449602403462,2.72899327462441,1.41449602403462,"type2","1",0,1,"1"
"996",3.03180196645085,0.683177414465015,3.03180196645085,0.683177414465015,"type2","1",0,1,"1"
"997",2.12044405698039,1.19840432466955,2.12044405698039,1.19840432466955,"type2","1",0,1,"1"
"998",2.92885822377283,0.586103561429349,2.92885822377283,0.586103561429349,"type2","1",0,1,"1"
"999",3.9262667969361,1.82820494714456,3.9262667969361,1.82820494714456,"type2","1",0,1,"1"
"1000",2.89517142407488,0.279619546854295,2.89517142407488,0.279619546854295,"type2","1",0,1,"1"
