"","col","row","sample_id","sizeFactor","cluster.init","spatial.cluster"
"1",0.644882082765286,0.226739277806669,"sample01",0.968113774208266,1,1
"2",1.21407219196177,0.06326009285998,"sample01",1.03188622579173,2,1
"3",1.25537305711488,1.49230932202572,"sample01",0.968113774208266,1,1
"4",1.4947953428114,1.20176715397291,"sample01",1.03188622579173,2,1
"5",0.838479041670669,0.045415142378911,"sample01",0.968113774208266,1,1
"6",0.246434216562328,1.95270569006127,"sample01",1.03188622579173,2,1
"7",1.70073008989995,0.291680746507886,"sample01",0.968113774208266,1,1
"8",1.68422059092048,1.98676803129922,"sample01",1.03188622579173,2,1
"9",1.48888737811819,1.88442358030002,"sample01",0.968113774208266,1,1
"10",1.93487765872574,0.386546296401663,"sample01",1.03188622579173,2,1
"11",1.92824728654666,1.67222316485707,"sample01",0.968113774208266,1,1
"12",0.648469512995755,1.4832150792423,"sample01",1.03188622579173,2,1
"13",1.98164361226723,1.22208527195046,"sample01",0.968113774208266,1,1
"14",1.16500824692261,0.559098858132901,"sample01",1.03188622579173,2,1
"15",1.88197384291825,1.39116893882436,"sample01",0.968113774208266,1,1
"16",0.400582477359199,1.28885483009788,"sample01",1.03188622579173,2,1
"17",0.713391154647886,1.56473333524226,"sample01",0.968113774208266,1,1
"18",1.94766876754352,1.58907855895027,"sample01",1.03188622579173,2,1
"19",0.516650817319575,0.63352159963897,"sample01",0.968113774208266,1,1
"20",1.67351194914528,1.99571490730857,"sample01",1.03188622579173,2,1
"21",0.938088155487025,0.662980809032754,"sample01",0.968113774208266,1,1
"22",1.59683372024591,0.39791609566029,"sample01",1.03188622579173,2,1
"23",0.674233173893428,0.746991061599806,"sample01",0.968113774208266,1,1
"24",1.13247398211071,0.50070522415386,"sample01",1.03188622579173,2,1
"25",1.77808619462656,1.25497612469945,"sample01",0.968113774208266,1,1
"26",1.53153457457253,0.177766615874593,"sample01",1.03188622579173,2,1
"27",1.83853745830192,1.97598908339983,"sample01",0.968113774208266,1,1
"28",1.40626786096938,0.184715407461385,"sample01",1.03188622579173,2,1
"29",0.554115442980093,1.77427362942318,"sample01",0.968113774208266,1,1
"30",1.22103224328847,0.947309102854282,"sample01",1.03188622579173,2,1
"31",0.199375639178147,0.0236673397642617,"sample01",0.968113774208266,1,1
"32",1.98536530282416,1.346704574806,"sample01",1.03188622579173,2,1
"33",1.4892438233338,1.02962682920278,"sample01",0.968113774208266,1,1
"34",1.87079172999641,0.885448794722535,"sample01",1.03188622579173,2,1
"35",0.316984727020262,1.2663655361303,"sample01",0.968113774208266,1,1
"36",1.12957978318287,1.22043851238252,"sample01",1.03188622579173,2,1
"37",0.674586398853124,1.99634707810556,"sample01",0.968113774208266,1,1
"38",0.715374271730779,0.21962275014772,"sample01",1.03188622579173,2,1
"39",0.593422735616051,0.833277179407082,"sample01",0.968113774208266,1,1
"40",1.28731859326112,0.29094263139887,"sample01",1.03188622579173,2,1
"41",1.3091261178782,0.192413035924709,"sample01",0.968113774208266,1,1
"42",1.10685414912193,1.86566317498919,"sample01",1.03188622579173,2,1
"43",1.28719894411656,1.71242945679503,"sample01",0.968113774208266,1,1
"44",0.684548339277011,0.167279978853423,"sample01",1.03188622579173,2,1
"45",1.52167844204704,0.806154358481947,"sample01",0.968113774208266,1,1
"46",1.04063442884002,0.116535085198962,"sample01",1.03188622579173,2,1
"47",1.49162409868945,0.714462656186181,"sample01",0.968113774208266,1,1
"48",0.751408257001281,1.26911628273581,"sample01",1.03188622579173,2,1
"49",0.415820349918617,1.38884096044009,"sample01",0.968113774208266,1,1
"50",0.905616101266276,0.839787978723175,"sample01",1.03188622579173,2,1
"51",0.584116844801129,0.740281192662271,"sample01",0.968113774208266,1,1
"52",0.40061395258612,0.911912248306021,"sample01",1.03188622579173,2,1
"53",1.70668391254417,1.57095270548334,"sample01",0.968113774208266,1,1
"54",0.599027782016365,1.96789788206919,"sample01",1.03188622579173,2,1
"55",0.345427904493945,0.40737339270937,"sample01",0.968113774208266,1,1
"56",1.90882665375414,1.6876127650395,"sample01",1.03188622579173,2,1
"57",0.0375352634197621,0.507211418777325,"sample01",0.968113774208266,1,1
"58",0.0439386611063723,0.704387385824928,"sample01",1.03188622579173,2,1
"59",1.41693894113113,0.250677255002257,"sample01",0.968113774208266,1,1
"60",1.35830803749598,1.64780860292927,"sample01",1.03188622579173,2,1
"61",0.0937620032081785,0.542284381566931,"sample01",0.968113774208266,1,1
"62",0.254095097622758,1.69658518225155,"sample01",1.03188622579173,2,1
"63",0.240883245374178,1.63238284878624,"sample01",0.968113774208266,1,1
"64",0.304636549800665,0.42562681460455,"sample01",1.03188622579173,2,1
"65",1.518637087692,0.0873646885187562,"sample01",0.968113774208266,1,1
"66",1.0557429870838,1.18139825285293,"sample01",1.03188622579173,2,1
"67",1.80027464889553,0.810586772666733,"sample01",0.968113774208266,1,1
"68",0.570116903878286,0.125906216690688,"sample01",1.03188622579173,2,1
"69",1.7163987753688,1.4889006601234,"sample01",0.968113774208266,1,1
"70",1.1302638371817,1.71941133864813,"sample01",1.03188622579173,2,1
"71",0.258956560364994,0.779631564441595,"sample01",0.968113774208266,1,1
"72",1.16039647770458,1.83542115527873,"sample01",1.03188622579173,2,1
"73",0.696254014440729,1.55590945500205,"sample01",0.968113774208266,1,1
"74",0.529325680827629,0.0191549619800874,"sample01",1.03188622579173,2,1
"75",1.56273157040456,1.38887551877752,"sample01",0.968113774208266,1,1
"76",1.23347068431025,0.684144857038041,"sample01",1.03188622579173,2,1
"77",0.766207881661544,0.79614869662156,"sample01",0.968113774208266,1,1
"78",0.896841879247142,1.49019904867185,"sample01",1.03188622579173,2,1
"79",1.90852981807384,1.54957804896382,"sample01",0.968113774208266,1,1
"80",1.94080584705797,0.782196950661149,"sample01",1.03188622579173,2,1
"81",1.96182553747561,1.35434702841856,"sample01",0.968113774208266,1,1
"82",0.0613182513635117,0.749013108083545,"sample01",1.03188622579173,2,1
"83",0.204106906243096,1.70491044715493,"sample01",0.968113774208266,1,1
"84",1.89265134328777,1.2310002384873,"sample01",1.03188622579173,2,1
"85",0.741669702540578,0.416666051779883,"sample01",0.968113774208266,1,1
"86",1.66843212374295,1.0419467513056,"sample01",1.03188622579173,2,1
"87",1.32937727972251,0.425120554579852,"sample01",0.968113774208266,1,1
"88",0.206721805452832,1.56663831871629,"sample01",1.03188622579173,2,1
"89",1.61915548282968,0.771109053073598,"sample01",0.968113774208266,1,1
"90",1.92849168743922,1.32242466850397,"sample01",1.03188622579173,2,1
"91",1.09620822576062,1.15671469654267,"sample01",0.968113774208266,1,1
"92",1.20758415264586,0.360260895643096,"sample01",1.03188622579173,2,1
"93",1.9023707719258,0.124503062131436,"sample01",0.968113774208266,1,1
"94",1.23548741749103,1.9232711898229,"sample01",1.03188622579173,2,1
"95",1.01404492094541,0.268280923481583,"sample01",0.968113774208266,1,1
"96",1.7603451250758,1.24181636380659,"sample01",1.03188622579173,2,1
"97",1.06170619611725,0.825060932509803,"sample01",0.968113774208266,1,1
"98",0.95892748858182,0.389045102462411,"sample01",1.03188622579173,2,1
"99",1.84642058301836,1.44553846797601,"sample01",0.968113774208266,1,1
"100",0.796393818348555,0.044368669647649,"sample01",1.03188622579173,2,1
"101",1.99296058323088,0.598472491803545,"sample01",0.968113774208266,1,1
"102",0.415675250646396,1.41889248898353,"sample01",1.03188622579173,2,1
"103",1.33184852874746,1.82832046212746,"sample01",0.968113774208266,1,1
"104",1.92485807969913,1.03297180985124,"sample01",1.03188622579173,2,1
"105",1.38937849807414,1.87291472606435,"sample01",0.968113774208266,1,1
"106",0.836951092486398,1.84000752444864,"sample01",1.03188622579173,2,1
"107",1.81240516460665,1.10764869853099,"sample01",0.968113774208266,1,1
"108",0.194531171736493,1.72981239141999,"sample01",1.03188622579173,2,1
"109",0.465835454802673,0.236963774869229,"sample01",0.968113774208266,1,1
"110",1.87404088709092,0.966753636155281,"sample01",1.03188622579173,2,1
"111",0.0248640367597976,1.68727653179778,"sample01",0.968113774208266,1,1
"112",0.371652407168453,0.916479197021941,"sample01",1.03188622579173,2,1
"113",0.660687072115223,1.55457474522591,"sample01",0.968113774208266,1,1
"114",1.72672386088557,1.79604042681413,"sample01",1.03188622579173,2,1
"115",1.22007196045059,1.11094559189829,"sample01",0.968113774208266,1,1
"116",1.47412704265487,0.933759098070481,"sample01",1.03188622579173,2,1
"117",0.475516761488171,0.673481971024018,"sample01",0.968113774208266,1,1
"118",1.26834166114238,1.5458300016634,"sample01",1.03188622579173,2,1
"119",0.43419723569444,1.94528497645503,"sample01",0.968113774208266,1,1
"120",0.597190933683141,0.42496737326374,"sample01",1.03188622579173,2,1
"121",0.496339218632649,0.145228203022408,"sample01",0.968113774208266,1,1
"122",0.299120271744684,1.56275572064327,"sample01",1.03188622579173,2,1
"123",0.775695753445264,1.36877673940008,"sample01",0.968113774208266,1,1
"124",1.50356019194447,0.914759673152193,"sample01",1.03188622579173,2,1
"125",1.8972559462352,0.308619897757322,"sample01",0.968113774208266,1,1
"126",1.23745453990416,1.7870060425228,"sample01",1.03188622579173,2,1
"127",0.130511234116797,0.14096318379334,"sample01",0.968113774208266,1,1
"128",0.497660140855497,1.85312387893929,"sample01",1.03188622579173,2,1
"129",0.585304782444305,1.03696449595988,"sample01",0.968113774208266,1,1
"130",0.300203401283263,1.30537729456783,"sample01",1.03188622579173,2,1
"131",1.79058440993315,1.29568996122205,"sample01",0.968113774208266,1,1
"132",0.29514674407631,1.48028111120893,"sample01",1.03188622579173,2,1
"133",0.56268546395159,0.457591903115919,"sample01",0.968113774208266,1,1
"134",1.6390150780079,1.49532979730537,"sample01",1.03188622579173,2,1
"135",0.0484880174434125,0.741636730714501,"sample01",0.968113774208266,1,1
"136",1.93319014695799,1.68749761095031,"sample01",1.03188622579173,2,1
"137",1.28125829105515,1.41026837784018,"sample01",0.968113774208266,1,1
"138",1.55165362829383,0.303351644039792,"sample01",1.03188622579173,2,1
"139",0.588615236431402,1.17225159863968,"sample01",0.968113774208266,1,1
"140",0.957315238742738,0.864778409558121,"sample01",1.03188622579173,2,1
"141",0.167772795744123,0.0314596941719149,"sample01",0.968113774208266,1,1
"142",0.21945989943599,1.49065433374294,"sample01",1.03188622579173,2,1
"143",0.518906222035745,1.79465782888035,"sample01",0.968113774208266,1,1
"144",1.95007396896364,1.00633208301993,"sample01",1.03188622579173,2,1
"145",1.18461970194525,1.982366771722,"sample01",0.968113774208266,1,1
"146",0.321733417852283,1.08034322823066,"sample01",1.03188622579173,2,1
"147",0.0203362199513381,1.28154295481617,"sample01",0.968113774208266,1,1
"148",1.14976196450924,0.632372472462522,"sample01",1.03188622579173,2,1
"149",0.0403461096454418,0.286928251142791,"sample01",0.968113774208266,1,1
"150",1.81377929798463,0.0892776411286926,"sample01",1.03188622579173,2,1
"151",1.1618869761384,1.5369372848984,"sample01",0.968113774208266,1,1
"152",0.242403621573605,0.470791394275344,"sample01",1.03188622579173,2,1
"153",1.05725560739041,0.834111662398968,"sample01",0.968113774208266,1,1
"154",0.602088082050618,1.57284367101178,"sample01",1.03188622579173,2,1
"155",1.850950198051,0.954853675811324,"sample01",0.968113774208266,1,1
"156",0.404415028043689,0.0323615047591585,"sample01",1.03188622579173,2,1
"157",0.138552997496065,1.47755114061573,"sample01",0.968113774208266,1,1
"158",0.463039168113832,1.40637625560539,"sample01",1.03188622579173,2,1
"159",0.30178783912178,0.515900838779005,"sample01",0.968113774208266,1,1
"160",0.343115401657618,1.97048228100064,"sample01",1.03188622579173,2,1
"161",0.542077279421662,1.94684813389641,"sample01",0.968113774208266,1,1
"162",1.16705474149134,0.0777619210381299,"sample01",1.03188622579173,2,1
"163",1.58563124051849,0.845944727142142,"sample01",0.968113774208266,1,1
"164",0.508758192526404,1.14513659075069,"sample01",1.03188622579173,2,1
"165",0.294118029226439,0.388107924933977,"sample01",0.968113774208266,1,1
"166",1.16623047862039,1.75058509322049,"sample01",1.03188622579173,2,1
"167",1.20549971400908,0.965720839530112,"sample01",0.968113774208266,1,1
"168",0.723535570569006,0.717823953605158,"sample01",1.03188622579173,2,1
"169",1.13643257831588,1.18999631931571,"sample01",0.968113774208266,1,1
"170",1.41532174608173,1.30414987233136,"sample01",1.03188622579173,2,1
"171",0.501570169848473,0.607663677100496,"sample01",0.968113774208266,1,1
"172",0.251942842460116,0.203050289647723,"sample01",1.03188622579173,2,1
"173",0.209925871506636,1.65128437951013,"sample01",0.968113774208266,1,1
"174",0.846752216194207,1.2909549234794,"sample01",1.03188622579173,2,1
"175",0.687773724753821,0.0254338810503131,"sample01",0.968113774208266,1,1
"176",1.31200716267917,0.634481436385268,"sample01",1.03188622579173,2,1
"177",0.914914346441048,1.90364565103618,"sample01",0.968113774208266,1,1
"178",1.91475728983782,1.33982713290384,"sample01",1.03188622579173,2,1
"179",1.95506304788678,1.81793600998042,"sample01",0.968113774208266,1,1
"180",0.442713434734953,0.961826010612077,"sample01",1.03188622579173,2,1
"181",1.71975937147722,1.38081586983161,"sample01",0.968113774208266,1,1
"182",0.423003518267173,1.12873795321134,"sample01",1.03188622579173,2,1
"183",0.83222635308343,1.16454408051307,"sample01",0.968113774208266,1,1
"184",0.254187104501923,0.314937426092796,"sample01",1.03188622579173,2,1
"185",1.00684168571494,1.51428039510673,"sample01",0.968113774208266,1,1
"186",1.14472550630949,0.461347995444995,"sample01",1.03188622579173,2,1
"187",1.42703423949759,1.69615773154372,"sample01",0.968113774208266,1,1
"188",1.46088599101156,0.0704586830142153,"sample01",1.03188622579173,2,1
"189",1.57056997821411,0.658193107044446,"sample01",0.968113774208266,1,1
"190",1.29136696067717,1.4459525647061,"sample01",1.03188622579173,2,1
"191",1.52389633920128,1.25577414762486,"sample01",0.968113774208266,1,1
"192",1.7189378379018,0.734380742299287,"sample01",1.03188622579173,2,1
"193",1.54379378682472,1.56765449742732,"sample01",0.968113774208266,1,1
"194",0.0795096769242926,1.83233628949073,"sample01",1.03188622579173,2,1
"195",0.46759835684239,0.209660842316099,"sample01",0.968113774208266,1,1
"196",0.901001763273883,0.619024392691355,"sample01",1.03188622579173,2,1
"197",0.320472618673232,1.7436150780092,"sample01",0.968113774208266,1,1
"198",1.69017023985894,0.741397768509302,"sample01",1.03188622579173,2,1
"199",0.554213503726102,1.15975878532154,"sample01",0.968113774208266,1,1
"200",0.72154543274769,1.1778788783653,"sample01",1.03188622579173,2,1
"201",1.77341666317538,0.940711044661059,"sample01",0.968113774208266,1,1
"202",1.30595376575747,1.6367166183996,"sample01",1.03188622579173,2,1
"203",1.00133247870842,0.0716179938699104,"sample01",0.968113774208266,1,1
"204",1.54343520731003,0.577126073873518,"sample01",1.03188622579173,2,1
"205",1.94198641686869,1.09301673128914,"sample01",0.968113774208266,1,1
"206",0.756739302143666,1.4636494240454,"sample01",1.03188622579173,2,1
"207",1.77330244899859,0.593407533242628,"sample01",0.968113774208266,1,1
"208",0.154296773969429,1.28865168562147,"sample01",1.03188622579173,2,1
"209",1.58335461793334,0.542260972980496,"sample01",0.968113774208266,1,1
"210",0.319530980888425,1.1544253139223,"sample01",1.03188622579173,2,1
"211",1.01477588076535,0.886923979946895,"sample01",0.968113774208266,1,1
"212",1.74864572131324,0.947783699812835,"sample01",1.03188622579173,2,1
"213",0.902597216596197,1.522582198655,"sample01",0.968113774208266,1,1
"214",0.218550772985909,0.121354722773746,"sample01",1.03188622579173,2,1
"215",0.55621994172028,1.91295832913946,"sample01",0.968113774208266,1,1
"216",0.934279206548898,1.33743965588022,"sample01",1.03188622579173,2,1
"217",0.867073026284886,0.588505004808306,"sample01",0.968113774208266,1,1
"218",1.34158473822774,0.266066704200389,"sample01",1.03188622579173,2,1
"219",1.66332789671383,1.47080484761215,"sample01",0.968113774208266,1,1
"220",0.887414951428841,1.20331583192292,"sample01",1.03188622579173,2,1
"221",1.05238355467518,1.73390241428565,"sample01",0.968113774208266,1,1
"222",1.08739391832187,0.995475035906452,"sample01",1.03188622579173,2,1
"223",1.79836123481291,1.7571121529647,"sample01",0.968113774208266,1,1
"224",0.62621105483265,1.32343622274373,"sample01",1.03188622579173,2,1
"225",1.51555651656944,0.0909715142444147,"sample01",0.968113774208266,1,1
"226",1.73988049963881,1.76345199646248,"sample01",1.03188622579173,2,1
"227",0.552796612629619,0.427991013805888,"sample01",0.968113774208266,1,1
"228",1.04848427267483,0.150507269399681,"sample01",1.03188622579173,2,1
"229",1.70281546543147,0.32040094906915,"sample01",0.968113774208266,1,1
"230",0.739102882830105,1.34178162908814,"sample01",1.03188622579173,2,1
"231",0.181650451245938,0.990864127113744,"sample01",0.968113774208266,1,1
"232",1.66583481147253,1.7011582892246,"sample01",1.03188622579173,2,1
"233",1.02214051661288,1.39520678130003,"sample01",0.968113774208266,1,1
"234",1.73315945960967,0.613621768600466,"sample01",1.03188622579173,2,1
"235",1.95752380496374,0.752351239996523,"sample01",0.968113774208266,1,1
"236",1.18988027835384,1.13182400008417,"sample01",1.03188622579173,2,1
"237",0.973708986292633,0.130485781719467,"sample01",0.968113774208266,1,1
"238",0.004737488203929,1.40843847980414,"sample01",1.03188622579173,2,1
"239",1.21606675532824,1.92822707804152,"sample01",0.968113774208266,1,1
"240",1.92609665620286,1.07899253234636,"sample01",1.03188622579173,2,1
"241",0.722708049789178,0.279565123463069,"sample01",0.968113774208266,1,1
"242",1.04886561092089,1.71347699750952,"sample01",1.03188622579173,2,1
"243",1.42067096619922,0.163793893492348,"sample01",0.968113774208266,1,1
"244",1.4711885205203,1.24113869371492,"sample01",1.03188622579173,2,1
"245",1.5385616668059,1.08352991602702,"sample01",0.968113774208266,1,1
"246",1.6114380803502,1.25718332180672,"sample01",1.03188622579173,2,1
"247",0.586334509709187,0.264675048073313,"sample01",0.968113774208266,1,1
"248",0.0365323554790057,0.0032438732767401,"sample01",1.03188622579173,2,1
"249",0.482877154399365,0.28322694361612,"sample01",0.968113774208266,1,1
"250",0.45396779749125,0.704035499670845,"sample01",1.03188622579173,2,1
"251",0.269758423182009,1.48129123909417,"sample01",0.968113774208266,1,1
"252",0.445398212788566,0.0605745856450943,"sample01",1.03188622579173,2,1
"253",1.4039093595941,0.441721545236396,"sample01",0.968113774208266,1,1
"254",1.55433743262302,0.415067097619773,"sample01",1.03188622579173,2,1
"255",0.715876945089983,0.819550339702527,"sample01",0.968113774208266,1,1
"256",1.29941850487321,0.854698917919563,"sample01",1.03188622579173,2,1
"257",1.36581099639251,0.56035388070461,"sample01",0.968113774208266,1,1
"258",1.03320175695998,0.241140842445477,"sample01",1.03188622579173,2,1
"259",1.26132709570347,1.14750604619749,"sample01",0.968113774208266,1,1
"260",1.03337181229192,1.55542073474975,"sample01",1.03188622579173,2,1
"261",0.0216816508730657,1.98750114924922,"sample01",0.968113774208266,1,1
"262",1.84632524807144,1.80172442335406,"sample01",1.03188622579173,2,1
"263",0.0034974071766935,1.53181776699364,"sample01",0.968113774208266,1,1
"264",0.900956163666216,1.36635407386176,"sample01",1.03188622579173,2,1
"265",0.884430442709636,1.02851803252756,"sample01",0.968113774208266,1,1
"266",0.943096908124502,0.562420741750388,"sample01",1.03188622579173,2,1
"267",0.841350815756904,1.35134663307644,"sample01",0.968113774208266,1,1
"268",1.81978803092088,1.28971053317398,"sample01",1.03188622579173,2,1
"269",0.565676496386425,1.56915236416176,"sample01",0.968113774208266,1,1
"270",1.72180644749345,1.56916780018575,"sample01",1.03188622579173,2,1
"271",0.419433644466175,1.69002711716025,"sample01",0.968113774208266,1,1
"272",1.1128559950914,0.139419610123269,"sample01",1.03188622579173,2,1
"273",0.304734975802149,0.443180915689054,"sample01",0.968113774208266,1,1
"274",0.842673219990659,1.92398848668117,"sample01",1.03188622579173,2,1
"275",0.0749993366524683,0.0801476564231942,"sample01",0.968113774208266,1,1
"276",1.17155760768741,1.5816675924832,"sample01",1.03188622579173,2,1
"277",0.56748779321784,1.55103558116147,"sample01",0.968113774208266,1,1
"278",0.0831691300041002,1.2097581442266,"sample01",1.03188622579173,2,1
"279",1.11727002501701,0.577055319276685,"sample01",0.968113774208266,1,1
"280",0.129086669981912,1.06525064802895,"sample01",1.03188622579173,2,1
"281",1.58462428039642,1.45470833657493,"sample01",0.968113774208266,1,1
"282",0.911815003360258,1.27493601903811,"sample01",1.03188622579173,2,1
"283",1.50798658664822,1.37741675613491,"sample01",0.968113774208266,1,1
"284",0.256313772177805,0.217693397709882,"sample01",1.03188622579173,2,1
"285",1.55222773468596,1.83500302520507,"sample01",0.968113774208266,1,1
"286",1.83469947764432,0.471889469180181,"sample01",1.03188622579173,2,1
"287",1.95738131234416,0.986044971046516,"sample01",0.968113774208266,1,1
"288",1.12612224860928,0.879515544197613,"sample01",1.03188622579173,2,1
"289",1.90557522013757,1.46111021074485,"sample01",0.968113774208266,1,1
"290",1.82603257314615,0.416632807703493,"sample01",1.03188622579173,2,1
"291",1.70880409608808,0.562738570582358,"sample01",0.968113774208266,1,1
"292",0.924866733078218,1.79280193330421,"sample01",1.03188622579173,2,1
"293",1.76137761166435,0.718642772526795,"sample01",0.968113774208266,1,1
"294",1.28360861159639,1.39173668791626,"sample01",1.03188622579173,2,1
"295",0.668871468089517,0.425829059747485,"sample01",0.968113774208266,1,1
"296",0.877660806218413,1.7971928261803,"sample01",1.03188622579173,2,1
"297",1.79544049936751,1.51230604498431,"sample01",0.968113774208266,1,1
"298",1.49445069525252,0.465379534968473,"sample01",1.03188622579173,2,1
"299",0.0760829743244022,0.876960945644041,"sample01",0.968113774208266,1,1
"300",0.0169651104704411,0.541811596612032,"sample01",1.03188622579173,2,1
"301",0.607599508380357,1.97057167411587,"sample01",0.968113774208266,1,1
"302",1.27712255751818,1.67855992405719,"sample01",1.03188622579173,2,1
"303",1.48929568531327,1.67425713715003,"sample01",0.968113774208266,1,1
"304",0.913957010366869,0.0698524236049924,"sample01",1.03188622579173,2,1
"305",0.288528868241485,1.68320200396154,"sample01",0.968113774208266,1,1
"306",1.69815243493214,0.922300090623319,"sample01",1.03188622579173,2,1
"307",0.91606931504095,0.758066642543404,"sample01",0.968113774208266,1,1
"308",0.40065075241824,0.831722018081947,"sample01",1.03188622579173,2,1
"309",0.287865627023991,0.257153323192152,"sample01",0.968113774208266,1,1
"310",1.82218302991539,0.608547427301813,"sample01",1.03188622579173,2,1
"311",0.689702388173667,1.54938348002868,"sample01",0.968113774208266,1,1
"312",0.911512150907324,1.74435091764861,"sample01",1.03188622579173,2,1
"313",1.49688910825885,0.119980490951354,"sample01",0.968113774208266,1,1
"314",1.76838991364282,0.759858678101848,"sample01",1.03188622579173,2,1
"315",1.91482012679337,0.392508846112993,"sample01",0.968113774208266,1,1
"316",0.913688549151924,1.7005017847334,"sample01",1.03188622579173,2,1
"317",0.863257129107857,0.716118355882502,"sample01",0.968113774208266,1,1
"318",0.919203260239522,1.73352441345289,"sample01",1.03188622579173,2,1
"319",1.35799332622284,0.812495709184367,"sample01",0.968113774208266,1,1
"320",1.61171869889968,0.635115302485174,"sample01",1.03188622579173,2,1
"321",0.572377806097748,0.401706824255873,"sample01",0.968113774208266,1,1
"322",0.700101317409342,0.848017489953457,"sample01",1.03188622579173,2,1
"323",1.34840340971773,1.21053885113614,"sample01",0.968113774208266,1,1
"324",0.735654412531877,1.85577958606301,"sample01",1.03188622579173,2,1
"325",0.0679235511822522,0.533154926743115,"sample01",0.968113774208266,1,1
"326",1.49974470534539,1.07832710867208,"sample01",1.03188622579173,2,1
"327",0.2702546722398,1.30496202505994,"sample01",0.968113774208266,1,1
"328",0.540040979909016,1.14936264737122,"sample01",1.03188622579173,2,1
"329",0.750300691743259,1.17313069427204,"sample01",0.968113774208266,1,1
"330",0.558544564815411,1.71872225878415,"sample01",1.03188622579173,2,1
"331",0.966497163754237,1.76043264602572,"sample01",0.968113774208266,1,1
"332",0.303880829103714,0.632839111802983,"sample01",1.03188622579173,2,1
"333",0.0694940267083246,1.0576868298049,"sample01",0.968113774208266,1,1
"334",0.147453064266093,0.53401524521496,"sample01",1.03188622579173,2,1
"335",1.3503581614307,0.0666266323597712,"sample01",0.968113774208266,1,1
"336",0.240611388309005,1.51055835365589,"sample01",1.03188622579173,2,1
"337",1.14808461207985,0.19216495824563,"sample01",0.968113774208266,1,1
"338",1.13773416021913,1.56646680067762,"sample01",1.03188622579173,2,1
"339",1.8679189224133,1.77202793805616,"sample01",0.968113774208266,1,1
"340",0.974369346503563,0.767621540131917,"sample01",1.03188622579173,2,1
"341",0.260838311474224,1.39060909282291,"sample01",0.968113774208266,1,1
"342",0.203170566643546,1.45893278637007,"sample01",1.03188622579173,2,1
"343",0.446658330556807,0.183314002123195,"sample01",0.968113774208266,1,1
"344",1.20232226100966,0.297677447409699,"sample01",1.03188622579173,2,1
"345",1.80264330726493,1.66187069172964,"sample01",0.968113774208266,1,1
"346",1.74502133347139,1.00085950910402,"sample01",1.03188622579173,2,1
"347",0.270125748419113,1.77942919070711,"sample01",0.968113774208266,1,1
"348",0.886237479557893,0.413990443205,"sample01",1.03188622579173,2,1
"349",1.34295535056875,0.499431198703221,"sample01",0.968113774208266,1,1
"350",0.358346435044499,1.25311325358393,"sample01",1.03188622579173,2,1
"351",0.562389126374798,1.5603878049045,"sample01",0.968113774208266,1,1
"352",1.17711213067502,0.337444563719853,"sample01",1.03188622579173,2,1
"353",0.087608300535755,0.436183397614882,"sample01",0.968113774208266,1,1
"354",1.3836978935437,0.547143791834515,"sample01",1.03188622579173,2,1
"355",1.89573918747584,1.70772426492225,"sample01",0.968113774208266,1,1
"356",1.29110648919027,1.77731173860898,"sample01",1.03188622579173,2,1
"357",0.0987942916075388,1.6675214451318,"sample01",0.968113774208266,1,1
"358",0.0121946029329365,0.0599146218224739,"sample01",1.03188622579173,2,1
"359",1.18494982087786,1.34460120246123,"sample01",0.968113774208266,1,1
"360",1.81011788530284,0.815720694328584,"sample01",1.03188622579173,2,1
"361",0.449863889147869,1.28299670735754,"sample01",0.968113774208266,1,1
"362",0.147114069451692,0.841880481239839,"sample01",1.03188622579173,2,1
"363",1.75363162437897,0.205765090279488,"sample01",0.968113774208266,1,1
"364",1.67265542541209,1.0139013559668,"sample01",1.03188622579173,2,1
"365",0.325346011546187,1.8520234156862,"sample01",0.968113774208266,1,1
"366",1.12576050965372,1.73174827319118,"sample01",1.03188622579173,2,1
"367",0.0361833491736185,1.34207439618636,"sample01",0.968113774208266,1,1
"368",0.331986712731655,1.20364748247957,"sample01",1.03188622579173,2,1
"369",1.0486099851535,1.3187234470654,"sample01",0.968113774208266,1,1
"370",0.328646187039365,0.234524008112665,"sample01",1.03188622579173,2,1
"371",0.985232143571859,0.481341307373166,"sample01",0.968113774208266,1,1
"372",0.580024053069664,0.957081937501128,"sample01",1.03188622579173,2,1
"373",0.574549919175853,1.43925607419213,"sample01",0.968113774208266,1,1
"374",1.37311989987253,0.843839390975012,"sample01",1.03188622579173,2,1
"375",0.620217771952694,0.506948125962666,"sample01",0.968113774208266,1,1
"376",0.746130592848514,0.973481607569033,"sample01",1.03188622579173,2,1
"377",0.47381676380148,1.77309149186109,"sample01",0.968113774208266,1,1
"378",1.88584764300159,1.36659017791713,"sample01",1.03188622579173,2,1
"379",0.560155340888983,0.947193834639392,"sample01",0.968113774208266,1,1
"380",0.269120365595904,1.77161795792295,"sample01",1.03188622579173,2,1
"381",1.65687344582667,1.52581081740531,"sample01",0.968113774208266,1,1
"382",0.435127827261543,1.37942769918478,"sample01",1.03188622579173,2,1
"383",1.43036789508208,1.45069002938611,"sample01",0.968113774208266,1,1
"384",1.75494173205242,1.46138527840216,"sample01",1.03188622579173,2,1
"385",1.15910998044779,1.29763011572827,"sample01",0.968113774208266,1,1
"386",0.353945186478254,0.773710422983547,"sample01",1.03188622579173,2,1
"387",0.934442184818213,1.68119615696181,"sample01",0.968113774208266,1,1
"388",1.76851791346386,0.732663581362762,"sample01",1.03188622579173,2,1
"389",1.19817925606784,0.281847696187386,"sample01",0.968113774208266,1,1
"390",0.680535298961408,1.18493723370912,"sample01",1.03188622579173,2,1
"391",1.1881341685958,1.71574243198166,"sample01",0.968113774208266,1,1
"392",0.139335737499392,0.420037330311059,"sample01",1.03188622579173,2,1
"393",1.51374549505339,1.25481979056962,"sample01",0.968113774208266,1,1
"394",0.133360993560885,1.87442259715562,"sample01",1.03188622579173,2,1
"395",1.66935296925284,0.0595244371051875,"sample01",0.968113774208266,1,1
"396",0.70365459804259,0.724106736216759,"sample01",1.03188622579173,2,1
"397",0.617503307475251,0.588162660053607,"sample01",0.968113774208266,1,1
"398",0.850188155933165,0.902055121207984,"sample01",1.03188622579173,2,1
"399",1.46338747731255,1.99410545092519,"sample01",0.968113774208266,1,1
"400",0.592874235660961,0.554587626877993,"sample01",1.03188622579173,2,1
"401",0.604708612806418,0.122143183121033,"sample01",0.968113774208266,1,1
"402",1.13846618061541,1.096647745704,"sample01",1.03188622579173,2,1
"403",0.357452578785678,1.01130374476737,"sample01",0.968113774208266,1,1
"404",0.887593090685083,0.0099460409328679,"sample01",1.03188622579173,2,1
"405",1.45455652377246,1.6985010943122,"sample01",0.968113774208266,1,1
"406",0.908983358347664,0.109287631164858,"sample01",1.03188622579173,2,1
"407",0.0539685930271507,0.95148306099618,"sample01",0.968113774208266,1,1
"408",1.33051404790544,1.63633328525123,"sample01",1.03188622579173,2,1
"409",0.68809807987825,0.876237873706149,"sample01",0.968113774208266,1,1
"410",0.62545642430625,1.26236905464312,"sample01",1.03188622579173,2,1
"411",1.03731358130043,0.700229724396805,"sample01",0.968113774208266,1,1
"412",1.33033198421495,0.45387149056156,"sample01",1.03188622579173,2,1
"413",1.3276660076906,0.800276209250274,"sample01",0.968113774208266,1,1
"414",1.91367881800791,1.56307950959098,"sample01",1.03188622579173,2,1
"415",0.518512550753262,0.235077670669589,"sample01",0.968113774208266,1,1
"416",0.473931114270061,0.676217212580879,"sample01",1.03188622579173,2,1
"417",1.00163881094929,1.0260582489966,"sample01",0.968113774208266,1,1
"418",1.3241344037118,1.3875204721341,"sample01",1.03188622579173,2,1
"419",1.39621637287275,1.35131151669345,"sample01",0.968113774208266,1,1
"420",0.129151801646774,0.97069317694096,"sample01",1.03188622579173,2,1
"421",1.31796997142016,0.9909073352299,"sample01",0.968113774208266,1,1
"422",1.38862472962879,1.37456811278116,"sample01",1.03188622579173,2,1
"423",0.923048572514766,0.342454246096128,"sample01",0.968113774208266,1,1
"424",1.86395160239635,0.837214185132481,"sample01",1.03188622579173,2,1
"425",0.530196661465685,1.68301599148899,"sample01",0.968113774208266,1,1
"426",0.676492759774491,0.666481204953483,"sample01",1.03188622579173,2,1
"427",0.490070184442282,1.20623944917845,"sample01",0.968113774208266,1,1
"428",0.931591046559752,0.376085685158492,"sample01",1.03188622579173,2,1
"429",1.52123982523252,0.516328221610362,"sample01",0.968113774208266,1,1
"430",1.15646058191291,1.02477315294091,"sample01",1.03188622579173,2,1
"431",0.66974351346256,0.834387948518739,"sample01",0.968113774208266,1,1
"432",1.11129417012703,0.205916674729976,"sample01",1.03188622579173,2,1
"433",1.55277211836329,0.824352383356384,"sample01",0.968113774208266,1,1
"434",1.36678498082843,0.948815049655888,"sample01",1.03188622579173,2,1
"435",1.25415801183001,1.22938581710042,"sample01",0.968113774208266,1,1
"436",0.424020662517723,0.0213655004582176,"sample01",1.03188622579173,2,1
"437",1.09939939125784,1.01365954923618,"sample01",0.968113774208266,1,1
"438",0.1220093846586,1.49835059026285,"sample01",1.03188622579173,2,1
"439",0.762824631406168,0.11927972110809,"sample01",0.968113774208266,1,1
"440",0.198964411481252,1.18052384549443,"sample01",1.03188622579173,2,1
"441",0.520450772838054,1.59374685252706,"sample01",0.968113774208266,1,1
"442",0.704828172034771,0.307703563512763,"sample01",1.03188622579173,2,1
"443",0.966825541843366,1.02267465219689,"sample01",0.968113774208266,1,1
"444",1.70968739515896,1.13316256698014,"sample01",1.03188622579173,2,1
"445",0.888412210415908,0.883914646008755,"sample01",0.968113774208266,1,1
"446",1.01099692745421,0.566329759878136,"sample01",1.03188622579173,2,1
"447",0.903060885916257,0.760513542937443,"sample01",0.968113774208266,1,1
"448",1.04491636069714,0.438295210014668,"sample01",1.03188622579173,2,1
"449",1.13947152299821,1.27637378515112,"sample01",0.968113774208266,1,1
"450",0.536183074369408,1.63080542349167,"sample01",1.03188622579173,2,1
"451",0.902167861997263,0.149128345276848,"sample01",0.968113774208266,1,1
"452",0.694491381253476,0.0283392747365798,"sample01",1.03188622579173,2,1
"453",1.62818512153959,0.891583682625843,"sample01",0.968113774208266,1,1
"454",0.273280886940498,0.6231300024078,"sample01",1.03188622579173,2,1
"455",0.14106325981713,1.2461954663901,"sample01",0.968113774208266,1,1
"456",0.0736908509824603,0.17755076299933,"sample01",1.03188622579173,2,1
"457",0.894274217045738,1.66817293158209,"sample01",0.968113774208266,1,1
"458",0.0550160108478496,1.03857836503216,"sample01",1.03188622579173,2,1
"459",1.92059417937466,0.566273859014912,"sample01",0.968113774208266,1,1
"460",0.998384319388515,1.51656251392749,"sample01",1.03188622579173,2,1
"461",1.311418129449,1.27710822983756,"sample01",0.968113774208266,1,1
"462",1.44532734070232,1.06575794014298,"sample01",1.03188622579173,2,1
"463",0.158730126457935,1.64983472450603,"sample01",0.968113774208266,1,1
"464",0.599097098285485,1.87706573329537,"sample01",1.03188622579173,2,1
"465",1.54839798364892,1.73884332698062,"sample01",0.968113774208266,1,1
"466",1.55939158299915,0.737183385418622,"sample01",1.03188622579173,2,1
"467",1.56703940529807,1.95561981567566,"sample01",0.968113774208266,1,1
"468",1.99116315428124,1.40974816585601,"sample01",1.03188622579173,2,1
"469",0.068034699238658,0.932883750265265,"sample01",0.968113774208266,1,1
"470",0.347017835143558,0.142805064439083,"sample01",1.03188622579173,2,1
"471",1.61429974459703,0.986778871162413,"sample01",0.968113774208266,1,1
"472",1.50482895028966,1.97092268238466,"sample01",1.03188622579173,2,1
"473",1.80642504922737,0.805476024314125,"sample01",0.968113774208266,1,1
"474",1.39552168439063,1.88582510401161,"sample01",1.03188622579173,2,1
"475",1.10248868151085,0.730412778690659,"sample01",0.968113774208266,1,1
"476",0.116123073555517,1.96064893636456,"sample01",1.03188622579173,2,1
"477",1.9325092229407,0.249275419295177,"sample01",0.968113774208266,1,1
"478",0.0350135775893813,1.74834685821656,"sample01",1.03188622579173,2,1
"479",1.05870206267745,0.807353793870479,"sample01",0.968113774208266,1,1
"480",1.57430239471144,1.40393500029858,"sample01",1.03188622579173,2,1
"481",0.851057363042591,0.896492998631512,"sample01",0.968113774208266,1,1
"482",1.2892126767765,0.479853691144296,"sample01",1.03188622579173,2,1
"483",1.05032143034794,0.0449792907517383,"sample01",0.968113774208266,1,1
"484",0.208839719753123,0.473386644227813,"sample01",1.03188622579173,2,1
"485",1.92524062308592,1.94506516794467,"sample01",0.968113774208266,1,1
"486",1.21611802638963,0.705339790089485,"sample01",1.03188622579173,2,1
"487",0.845045429500566,0.0901120157354145,"sample01",0.968113774208266,1,1
"488",1.60475395242691,0.921133823748852,"sample01",1.03188622579173,2,1
"489",1.67351660693562,1.14412264729336,"sample01",0.968113774208266,1,1
"490",0.183752733007787,0.430430863289901,"sample01",1.03188622579173,2,1
"491",0.37703511622755,1.57703492244913,"sample01",0.968113774208266,1,1
"492",0.620723126420081,0.345686708260614,"sample01",1.03188622579173,2,1
"493",0.26043085741264,1.9801258718291,"sample01",0.968113774208266,1,1
"494",1.38643054677771,1.64223473915608,"sample01",1.03188622579173,2,1
"495",1.09058194475308,0.192718808464881,"sample01",0.968113774208266,1,1
"496",1.83427491633903,1.21771254399776,"sample01",1.03188622579173,2,1
"497",0.940084966536117,0.0920600377672753,"sample01",0.968113774208266,1,1
"498",0.101367128533325,1.4528757179477,"sample01",1.03188622579173,2,1
"499",0.451078300652918,1.98937749402228,"sample01",0.968113774208266,1,1
"500",0.394051943772514,1.28004480649235,"sample01",1.03188622579173,2,1
"501",2.92167336585385,1.06516685383506,"sample01",0.968113774208266,2,2
"502",3.60790920352758,0.760983960809517,"sample01",1.03188622579173,2,2
"503",2.96392343171728,1.8146741692495,"sample01",0.968113774208266,2,2
"504",2.98409894929143,1.14836959693807,"sample01",1.03188622579173,2,2
"505",2.33518722075453,0.0404568506473301,"sample01",0.968113774208266,2,2
"506",2.76750855463361,0.036415418222369,"sample01",1.03188622579173,2,2
"507",3.37762755360552,0.327572244935196,"sample01",0.968113774208266,2,2
"508",3.96142593918714,1.69725097349447,"sample01",1.03188622579173,2,2
"509",3.29335869065621,0.718732431523405,"sample01",0.968113774208266,2,2
"510",3.18988328264945,0.410705231296234,"sample01",1.03188622579173,2,2
"511",2.85673533898524,1.74858940375403,"sample01",0.968113774208266,2,2
"512",2.8263056523059,0.339236111937829,"sample01",1.03188622579173,2,2
"513",2.49545899970633,0.144972305968995,"sample01",0.968113774208266,2,2
"514",3.34747241472399,0.267885070111958,"sample01",1.03188622579173,2,2
"515",2.39342017711541,1.49059745460205,"sample01",0.968113774208266,2,2
"516",3.15773711379542,0.358317369034806,"sample01",1.03188622579173,2,2
"517",2.1483408234128,0.88182173110046,"sample01",0.968113774208266,2,2
"518",2.00470301524077,1.00433567777951,"sample01",1.03188622579173,2,2
"519",3.66166068816249,0.28275280920622,"sample01",0.968113774208266,2,2
"520",3.49309832402832,1.12250848832837,"sample01",1.03188622579173,2,2
"521",2.54955787241643,0.790961005546002,"sample01",0.968113774208266,2,2
"522",2.02035886816892,0.549362681578716,"sample01",1.03188622579173,2,2
"523",3.70098688604655,0.240778740262412,"sample01",0.968113774208266,2,2
"524",2.35398985025069,0.708137819095821,"sample01",1.03188622579173,2,2
"525",3.98816396064872,0.646172610908571,"sample01",0.968113774208266,2,2
"526",2.90879300275005,0.681295801883669,"sample01",1.03188622579173,2,2
"527",2.42525164998567,0.165318201624716,"sample01",0.968113774208266,2,2
"528",2.1695076080897,0.35813890141742,"sample01",1.03188622579173,2,2
"529",2.12011203392131,1.76190444033544,"sample01",0.968113774208266,2,2
"530",2.51780477005414,1.82045655799531,"sample01",1.03188622579173,2,2
"531",2.58153969896435,0.379934713825308,"sample01",0.968113774208266,2,2
"532",3.18879123745715,1.31635134410525,"sample01",1.03188622579173,2,2
"533",2.48822381560981,0.0408986918289875,"sample01",0.968113774208266,2,2
"534",3.07009275306725,1.66600707529744,"sample01",1.03188622579173,2,2
"535",2.98262080997998,1.20352757987566,"sample01",0.968113774208266,2,2
"536",2.26754048993941,1.29272262942952,"sample01",1.03188622579173,2,2
"537",3.38304189929585,0.0333515619778137,"sample01",0.968113774208266,2,2
"538",3.57454882310496,1.56340983338867,"sample01",1.03188622579173,2,2
"539",2.76018931273607,0.635428953658435,"sample01",0.968113774208266,2,2
"540",2.42517475585554,1.50063061539532,"sample01",1.03188622579173,2,2
"541",2.70424863007375,0.145106444622276,"sample01",0.968113774208266,2,2
"542",2.47823013779068,0.881181398251279,"sample01",1.03188622579173,2,2
"543",3.63249317434614,1.34241683145527,"sample01",0.968113774208266,2,2
"544",2.82105541563148,1.42429934626799,"sample01",1.03188622579173,2,2
"545",2.82902051068579,0.699097800729921,"sample01",0.968113774208266,2,2
"546",3.33873645190636,1.92098618676308,"sample01",1.03188622579173,2,2
"547",2.5407287752365,1.56462653148463,"sample01",0.968113774208266,2,2
"548",2.07671992514049,0.0347650609945635,"sample01",1.03188622579173,2,2
"549",3.2131465951523,0.00691483856078,"sample01",0.968113774208266,2,2
"550",2.72659203759342,1.14300396831523,"sample01",1.03188622579173,2,2
"551",2.67137257651104,0.590709059627265,"sample01",0.968113774208266,2,2
"552",2.39526712477573,0.308935315897524,"sample01",1.03188622579173,2,2
"553",3.59108720484804,0.15292953714738,"sample01",0.968113774208266,2,2
"554",2.43601522415456,0.215396989273128,"sample01",1.03188622579173,2,2
"555",3.66966993306146,1.06960142707676,"sample01",0.968113774208266,2,2
"556",2.36911205693789,1.49302993526021,"sample01",1.03188622579173,2,2
"557",2.84697890633244,0.365338272875186,"sample01",0.968113774208266,2,2
"558",2.49073767712642,0.269043095833251,"sample01",1.03188622579173,2,2
"559",2.70261650167002,0.974543708064335,"sample01",0.968113774208266,2,2
"560",2.86585190795514,0.0510929700200317,"sample01",1.03188622579173,2,2
"561",2.53218451410924,0.366044346691507,"sample01",0.968113774208266,2,2
"562",3.14968872867067,1.87813733143074,"sample01",1.03188622579173,2,2
"563",2.02242047958248,1.34885515706693,"sample01",0.968113774208266,2,2
"564",3.38223151462157,0.557505028693455,"sample01",1.03188622579173,2,2
"565",3.11641128036826,1.55063128988404,"sample01",0.968113774208266,2,2
"566",2.95079254690817,1.2826631804726,"sample01",1.03188622579173,2,2
"567",2.39864128221387,1.09763538022729,"sample01",0.968113774208266,2,2
"568",2.7676874596833,0.301205278840992,"sample01",1.03188622579173,2,2
"569",2.45891394537502,0.464519044661156,"sample01",0.968113774208266,2,2
"570",3.64160755320455,0.876564343276398,"sample01",1.03188622579173,2,2
"571",2.18118937608771,0.878322764900056,"sample01",0.968113774208266,2,2
"572",2.39251144227093,0.804946054193413,"sample01",1.03188622579173,2,2
"573",2.02304567640837,0.77087241869494,"sample01",0.968113774208266,2,2
"574",2.86951192184225,1.15782601140553,"sample01",1.03188622579173,2,2
"575",3.1946493844571,1.58147208723747,"sample01",0.968113774208266,2,2
"576",2.83526818382919,0.387809622389799,"sample01",1.03188622579173,2,2
"577",2.15799998446049,1.65969177920953,"sample01",0.968113774208266,2,2
"578",2.34220080764793,0.164799887599045,"sample01",1.03188622579173,2,2
"579",3.68375065703459,0.202808501487438,"sample01",0.968113774208266,2,2
"580",2.03622989160207,0.900858018313885,"sample01",1.03188622579173,2,2
"581",3.3269674683911,1.84251409703252,"sample01",0.968113774208266,2,2
"582",3.85955718836798,0.66759179120523,"sample01",1.03188622579173,2,2
"583",3.62705169154329,0.831901385887356,"sample01",0.968113774208266,2,2
"584",2.55809322450162,1.48172315391329,"sample01",1.03188622579173,2,2
"585",3.32258410916682,1.95474080738701,"sample01",0.968113774208266,2,2
"586",2.73589555726009,1.67624984645224,"sample01",1.03188622579173,2,2
"587",2.90414789600752,0.881305753491636,"sample01",0.968113774208266,2,2
"588",2.52811241152834,1.38087457362132,"sample01",1.03188622579173,2,2
"589",2.52140794633492,0.182243690594198,"sample01",0.968113774208266,2,2
"590",3.00717305968445,1.24357949660881,"sample01",1.03188622579173,2,2
"591",3.07056532000983,0.224039869577829,"sample01",0.968113774208266,2,2
"592",3.80650363511107,1.72368175521849,"sample01",1.03188622579173,2,2
"593",2.45069192383617,1.71705682172486,"sample01",0.968113774208266,2,2
"594",2.56870972568193,0.932407981244251,"sample01",1.03188622579173,2,2
"595",2.53071558024395,1.28896705472471,"sample01",0.968113774208266,2,2
"596",3.53033752026457,1.77848271768915,"sample01",1.03188622579173,2,2
"597",2.88097023203901,0.300725266232309,"sample01",0.968113774208266,2,2
"598",3.93924338620899,0.13666992843141,"sample01",1.03188622579173,2,2
"599",2.17370502488799,1.18681309053798,"sample01",0.968113774208266,2,2
"600",2.93454482170139,0.878395235740289,"sample01",1.03188622579173,2,2
"601",3.73056334686918,0.870596194931396,"sample01",0.968113774208266,2,2
"602",3.8433799997617,0.339834795267185,"sample01",1.03188622579173,2,2
"603",2.6001262944191,1.16634639673441,"sample01",0.968113774208266,2,2
"604",2.22842646222768,1.11629799155826,"sample01",1.03188622579173,2,2
"605",3.03520497711636,0.202477369668982,"sample01",0.968113774208266,2,2
"606",3.40448459170398,0.883116441170316,"sample01",1.03188622579173,2,2
"607",3.34528157074491,1.46272245921468,"sample01",0.968113774208266,2,2
"608",2.05367863402732,0.154497923683378,"sample01",1.03188622579173,2,2
"609",2.15702191603851,0.517122452122915,"sample01",0.968113774208266,2,2
"610",2.75960817165312,0.905795397580268,"sample01",1.03188622579173,2,2
"611",3.44562608048905,0.0154292855625295,"sample01",0.968113774208266,2,2
"612",2.16853873136281,0.467795727202211,"sample01",1.03188622579173,2,2
"613",2.93066819750512,0.511546421367052,"sample01",0.968113774208266,2,2
"614",3.71366935356488,0.353967451733019,"sample01",1.03188622579173,2,2
"615",3.49132317945791,1.20536856846819,"sample01",0.968113774208266,2,2
"616",3.60249532801829,0.519827337792368,"sample01",1.03188622579173,2,2
"617",2.50378748517238,0.33236385648571,"sample01",0.968113774208266,2,2
"618",3.77677059528768,0.499018479824999,"sample01",1.03188622579173,2,2
"619",3.2475296034925,0.318142145745938,"sample01",0.968113774208266,2,2
"620",3.51104825186422,0.725756759931701,"sample01",1.03188622579173,2,2
"621",3.98287128691352,0.52832251082199,"sample01",0.968113774208266,2,2
"622",3.96072816567613,0.333644600106993,"sample01",1.03188622579173,2,2
"623",3.51962100997843,1.46553695441449,"sample01",0.968113774208266,2,2
"624",2.28903503988692,1.62280678339864,"sample01",1.03188622579173,2,2
"625",2.52033695825212,1.64119743234772,"sample01",0.968113774208266,2,2
"626",2.96699084173197,0.804094358765112,"sample01",1.03188622579173,2,2
"627",3.10860234646496,1.26564012724537,"sample01",0.968113774208266,2,2
"628",2.72489900275088,1.3919296987765,"sample01",1.03188622579173,2,2
"629",3.46300999259707,0.510967746105515,"sample01",0.968113774208266,2,2
"630",3.81916345804582,0.657019614345955,"sample01",1.03188622579173,2,2
"631",3.62109618630806,1.91820742515657,"sample01",0.968113774208266,2,2
"632",3.2106577951591,1.17618795630668,"sample01",1.03188622579173,2,2
"633",2.24157446167061,1.05347592014714,"sample01",0.968113774208266,2,2
"634",2.19453115546436,0.309077608381436,"sample01",1.03188622579173,2,2
"635",3.77148945718747,1.40976039469485,"sample01",0.968113774208266,2,2
"636",2.83355128679385,0.61899110349297,"sample01",1.03188622579173,2,2
"637",3.45526780732864,0.652073020532315,"sample01",0.968113774208266,2,2
"638",3.97525419110183,1.3326881945736,"sample01",1.03188622579173,2,2
"639",2.74630692492254,1.59620669837729,"sample01",0.968113774208266,2,2
"640",2.11786561076477,1.78902474121554,"sample01",1.03188622579173,2,2
"641",3.54433819040075,1.51587672422908,"sample01",0.968113774208266,2,2
"642",2.82691329464898,1.61813692204251,"sample01",1.03188622579173,2,2
"643",2.88831020393326,0.967721349242841,"sample01",0.968113774208266,2,2
"644",2.43247960517384,0.126078773481791,"sample01",1.03188622579173,2,2
"645",2.98218714632451,1.82172810496178,"sample01",0.968113774208266,2,2
"646",3.29011833436685,1.68370331210556,"sample01",1.03188622579173,2,2
"647",2.10799367170071,0.7602694954798,"sample01",0.968113774208266,2,2
"648",3.88253530416158,1.32651606449939,"sample01",1.03188622579173,2,2
"649",2.38501479988727,1.22044359432795,"sample01",0.968113774208266,2,2
"650",2.70932781439068,1.85979984228892,"sample01",1.03188622579173,2,2
"651",3.26848886351453,1.39933183475348,"sample01",0.968113774208266,2,2
"652",3.2209947205318,0.87184382724552,"sample01",1.03188622579173,2,2
"653",3.083020425985,1.71706928044235,"sample01",0.968113774208266,2,2
"654",2.55945142762055,0.320833617053394,"sample01",1.03188622579173,2,2
"655",2.7846898119479,0.0612712204107552,"sample01",0.968113774208266,2,2
"656",2.26437358740543,1.42192091391597,"sample01",1.03188622579173,2,2
"657",3.0190751316851,0.402649347751043,"sample01",0.968113774208266,2,2
"658",3.67397608685926,0.886804674842368,"sample01",1.03188622579173,2,2
"659",2.4191706034848,1.60755300901041,"sample01",0.968113774208266,2,2
"660",3.66116410032747,1.88499002779377,"sample01",1.03188622579173,2,2
"661",2.85015864331455,1.69367251931358,"sample01",0.968113774208266,2,2
"662",3.90618749840128,1.17388681320553,"sample01",1.03188622579173,2,2
"663",3.34270481300807,0.393699706157196,"sample01",0.968113774208266,2,2
"664",3.24158140271336,0.587815409453158,"sample01",1.03188622579173,2,2
"665",2.40631928533529,1.4638194523669,"sample01",0.968113774208266,2,2
"666",2.06653475529667,1.64408074305791,"sample01",1.03188622579173,2,2
"667",2.37549597704091,0.466206843160889,"sample01",0.968113774208266,2,2
"668",3.28213453797091,1.52388469497744,"sample01",1.03188622579173,2,2
"669",2.28463501187816,1.89611832667293,"sample01",0.968113774208266,2,2
"670",2.68592956278316,1.92844533004448,"sample01",1.03188622579173,2,2
"671",2.83013334894307,0.54752630604423,"sample01",0.968113774208266,2,2
"672",3.61050574317043,1.80216837149557,"sample01",1.03188622579173,2,2
"673",3.1116045607157,1.98024698194586,"sample01",0.968113774208266,2,2
"674",2.83311138481207,0.712789706313852,"sample01",1.03188622579173,2,2
"675",2.07621520913142,0.668930539130393,"sample01",0.968113774208266,2,2
"676",2.94419825649643,1.60314160728822,"sample01",1.03188622579173,2,2
"677",3.27074977455007,0.0777355585540504,"sample01",0.968113774208266,2,2
"678",2.52052676904462,0.652926953927653,"sample01",1.03188622579173,2,2
"679",3.97607458667358,0.420272476266234,"sample01",0.968113774208266,2,2
"680",2.8074867857218,1.32339492187957,"sample01",1.03188622579173,2,2
"681",3.59778695959497,1.64647515988626,"sample01",0.968113774208266,2,2
"682",2.49870283924502,1.79396162836548,"sample01",1.03188622579173,2,2
"683",2.103565991922,1.29163313839949,"sample01",0.968113774208266,2,2
"684",2.44799633135048,0.0762636715040734,"sample01",1.03188622579173,2,2
"685",2.22485924093833,0.218275004537422,"sample01",0.968113774208266,2,2
"686",3.88683028300182,1.40402625281233,"sample01",1.03188622579173,2,2
"687",3.75112302945565,1.9166624529787,"sample01",0.968113774208266,2,2
"688",2.0212869498383,1.40393772312781,"sample01",1.03188622579173,2,2
"689",3.03764701826668,0.629867422174288,"sample01",0.968113774208266,2,2
"690",2.27528332437193,1.36291392077427,"sample01",1.03188622579173,2,2
"691",2.54302690394702,0.117070993201887,"sample01",0.968113774208266,2,2
"692",3.01651750867558,1.86078154422341,"sample01",1.03188622579173,2,2
"693",3.6062938208335,1.94125007209622,"sample01",0.968113774208266,2,2
"694",3.45730350937568,0.410492244812176,"sample01",1.03188622579173,2,2
"695",3.60544231270623,0.340135446097729,"sample01",0.968113774208266,2,2
"696",3.60118312756986,0.525590175148431,"sample01",1.03188622579173,2,2
"697",3.88874048516403,1.92687164212011,"sample01",0.968113774208266,2,2
"698",3.99872203363932,1.0578453576257,"sample01",1.03188622579173,2,2
"699",2.57546405326983,0.466028003686243,"sample01",0.968113774208266,2,2
"700",3.27461040786401,1.16789561017038,"sample01",1.03188622579173,2,2
"701",3.73157802626023,1.81791178932212,"sample01",0.968113774208266,2,2
"702",3.18906394449733,0.0008581243962175,"sample01",1.03188622579173,2,2
"703",2.06351978100641,0.498393807981813,"sample01",0.968113774208266,2,2
"704",2.8622360355778,1.78573937485178,"sample01",1.03188622579173,2,2
"705",2.61760304081746,0.73053910212366,"sample01",0.968113774208266,2,2
"706",3.75565386159458,1.03485310170067,"sample01",1.03188622579173,2,2
"707",3.82228741869732,1.99475639871911,"sample01",0.968113774208266,2,2
"708",2.5444425449092,1.67777338253106,"sample01",1.03188622579173,2,2
"709",3.95544453817424,1.34902154612243,"sample01",0.968113774208266,2,2
"710",3.48866451208127,1.00383099435657,"sample01",1.03188622579173,2,2
"711",2.29913371124777,1.00896423511892,"sample01",0.968113774208266,2,2
"712",3.3188265018459,1.79924898683437,"sample01",1.03188622579173,2,2
"713",2.56096242977102,0.789679630269445,"sample01",0.968113774208266,2,2
"714",3.49734441230659,1.69667677759792,"sample01",1.03188622579173,2,2
"715",3.87347465399383,1.35480437265322,"sample01",0.968113774208266,2,2
"716",2.08924893406826,0.469535134583019,"sample01",1.03188622579173,2,2
"717",2.69985691886326,0.749345015596872,"sample01",0.968113774208266,2,2
"718",3.99711815872583,0.8533947470626,"sample01",1.03188622579173,2,2
"719",3.41419761890903,1.49244734999633,"sample01",0.968113774208266,2,2
"720",2.64327328380578,1.58552745082356,"sample01",1.03188622579173,2,2
"721",3.36327220287395,1.38597044714916,"sample01",0.968113774208266,2,2
"722",3.13028414826313,1.31021581649691,"sample01",1.03188622579173,2,2
"723",3.51496691951454,0.922027319610824,"sample01",0.968113774208266,2,2
"724",2.99638204438424,1.26423063187186,"sample01",1.03188622579173,2,2
"725",3.20327360850717,0.16262639671411,"sample01",0.968113774208266,2,2
"726",3.16993395215947,0.708797592257408,"sample01",1.03188622579173,2,2
"727",3.81748528826444,0.231556971429961,"sample01",0.968113774208266,2,2
"728",2.28810379147973,0.589383334088732,"sample01",1.03188622579173,2,2
"729",3.34449651348787,1.59197428856195,"sample01",0.968113774208266,2,2
"730",3.80343517038963,1.432120903886,"sample01",1.03188622579173,2,2
"731",3.3938004056366,1.66989747062201,"sample01",0.968113774208266,2,2
"732",3.3334241046378,0.188969822796634,"sample01",1.03188622579173,2,2
"733",3.02966227764404,1.20341776473801,"sample01",0.968113774208266,2,2
"734",2.77890151487182,0.3369104141537,"sample01",1.03188622579173,2,2
"735",3.07166588970053,1.46185942696872,"sample01",0.968113774208266,2,2
"736",2.1535624953555,1.60456196213007,"sample01",1.03188622579173,2,2
"737",2.15264339506251,0.333153163849906,"sample01",0.968113774208266,2,2
"738",2.28391355614603,1.30747793472545,"sample01",1.03188622579173,2,2
"739",2.1808452127836,1.16945728578958,"sample01",0.968113774208266,2,2
"740",3.70607494372927,0.383826609721824,"sample01",1.03188622579173,2,2
"741",2.71867289525215,1.28375672861614,"sample01",0.968113774208266,2,2
"742",2.30124708361812,0.699548523084332,"sample01",1.03188622579173,2,2
"743",2.00047532381855,0.212784163345486,"sample01",0.968113774208266,2,2
"744",3.81013707525084,0.336483866844837,"sample01",1.03188622579173,2,2
"745",3.47504205076965,1.12792311876921,"sample01",0.968113774208266,2,2
"746",3.55207274232035,0.363635134663173,"sample01",1.03188622579173,2,2
"747",2.20919945591195,1.91997847176422,"sample01",0.968113774208266,2,2
"748",2.43805075508457,1.23079707234412,"sample01",1.03188622579173,2,2
"749",2.55808111649139,0.280594316693529,"sample01",0.968113774208266,2,2
"750",2.97062760664428,0.855413570512885,"sample01",1.03188622579173,2,2
"751",2.0549711678615,0.306230812594072,"sample01",0.968113774208266,2,2
"752",3.38399437540293,1.30220234613307,"sample01",1.03188622579173,2,2
"753",3.59640790097664,1.04726458172918,"sample01",0.968113774208266,2,2
"754",2.50167016177365,0.368732672885325,"sample01",1.03188622579173,2,2
"755",2.5699500841408,1.38012691752297,"sample01",0.968113774208266,2,2
"756",3.63332013274598,1.04788757265778,"sample01",1.03188622579173,2,2
"757",3.91886029671719,0.139298910662297,"sample01",0.968113774208266,2,2
"758",2.12316910677,1.58134518838513,"sample01",1.03188622579173,2,2
"759",3.19244936344505,0.873076448534768,"sample01",0.968113774208266,2,2
"760",2.83620967298634,1.50683829124122,"sample01",1.03188622579173,2,2
"761",3.02408164276847,1.1272954117526,"sample01",0.968113774208266,2,2
"762",3.82921411527838,1.1326697608101,"sample01",1.03188622579173,2,2
"763",2.80516920010621,0.446307698459417,"sample01",0.968113774208266,2,2
"764",2.24578379706615,0.558875431974821,"sample01",1.03188622579173,2,2
"765",3.04047952648421,1.4466328368301,"sample01",0.968113774208266,2,2
"766",3.90710582900627,0.210880664668236,"sample01",1.03188622579173,2,2
"767",2.24500266668499,0.526476389423821,"sample01",0.968113774208266,2,2
"768",3.49796911350778,0.0500968325189337,"sample01",1.03188622579173,2,2
"769",3.3572749822116,1.1296542729312,"sample01",0.968113774208266,2,2
"770",3.82516993473959,1.46468755345723,"sample01",1.03188622579173,2,2
"771",2.0375733439479,0.155208901579104,"sample01",0.968113774208266,2,2
"772",2.152230940916,0.946663956097082,"sample01",1.03188622579173,2,2
"773",2.05502575154629,1.95571679798131,"sample01",0.968113774208266,2,2
"774",2.10293656806784,0.671179962148597,"sample01",1.03188622579173,2,2
"775",2.83985291852584,0.831493095468152,"sample01",0.968113774208266,2,2
"776",2.82682275003572,1.93822343589105,"sample01",1.03188622579173,2,2
"777",3.2090292291665,1.76008355621253,"sample01",0.968113774208266,2,2
"778",2.74149845806603,1.60156483946218,"sample01",1.03188622579173,2,2
"779",3.51333512310384,0.0067862270311256,"sample01",0.968113774208266,2,2
"780",3.26021338531797,1.34890934022062,"sample01",1.03188622579173,2,2
"781",2.70751192776605,1.75324732330223,"sample01",0.968113774208266,2,2
"782",3.16270284782958,0.727471062769028,"sample01",1.03188622579173,2,2
"783",2.44739979305059,0.840667003682027,"sample01",0.968113774208266,2,2
"784",3.68387369258072,0.155312556019563,"sample01",1.03188622579173,2,2
"785",2.4413887248297,1.46482396275396,"sample01",0.968113774208266,2,2
"786",3.76683115390105,1.86747847351324,"sample01",1.03188622579173,2,2
"787",2.80413332145246,0.55879725065009,"sample01",0.968113774208266,2,2
"788",3.73130054765867,0.0224554198096107,"sample01",1.03188622579173,2,2
"789",2.68059924492149,0.043364041668275,"sample01",0.968113774208266,2,2
"790",3.83189101712924,1.38801706599735,"sample01",1.03188622579173,2,2
"791",2.29595780288456,0.400694482614628,"sample01",0.968113774208266,2,2
"792",2.2956951275667,0.743920445234924,"sample01",1.03188622579173,2,2
"793",2.33122295161098,0.738273689273437,"sample01",0.968113774208266,2,2
"794",2.52170589792678,0.316749708623297,"sample01",1.03188622579173,2,2
"795",2.78528532793547,0.724394694191199,"sample01",0.968113774208266,2,2
"796",3.04821265734854,0.283242284685595,"sample01",1.03188622579173,2,2
"797",2.24231334098322,1.70666391867251,"sample01",0.968113774208266,2,2
"798",2.54646933224545,1.81621748905157,"sample01",1.03188622579173,2,2
"799",2.16978304969729,1.35752465616073,"sample01",0.968113774208266,2,2
"800",3.80403762553024,1.74451239862442,"sample01",1.03188622579173,2,2
"801",2.07993787219325,0.444341217825397,"sample01",0.968113774208266,2,2
"802",3.52768746550282,1.3880596162857,"sample01",1.03188622579173,2,2
"803",3.91897214242922,0.159159062283265,"sample01",0.968113774208266,2,2
"804",2.65959124163093,0.798720335084071,"sample01",1.03188622579173,2,2
"805",3.49941288946842,1.4201972763245,"sample01",0.968113774208266,2,2
"806",3.3858511832765,1.78844873939157,"sample01",1.03188622579173,2,2
"807",3.71620076407737,0.703465378191298,"sample01",0.968113774208266,2,2
"808",3.21576468563336,1.73888642275641,"sample01",1.03188622579173,2,2
"809",2.9712680176495,0.612870499520797,"sample01",0.968113774208266,2,2
"810",3.4201231477739,0.390358235161267,"sample01",1.03188622579173,2,2
"811",3.83201866483352,1.33534675012839,"sample01",0.968113774208266,2,2
"812",2.94557137757737,0.781493189017729,"sample01",1.03188622579173,2,2
"813",2.17574849970514,1.09704788585841,"sample01",0.968113774208266,2,2
"814",2.19395470618497,1.85628445838297,"sample01",1.03188622579173,2,2
"815",3.32656402188582,1.81335871887404,"sample01",0.968113774208266,2,2
"816",2.53511180762049,1.18250827414843,"sample01",1.03188622579173,2,2
"817",3.95457891674637,0.996981628702065,"sample01",0.968113774208266,2,2
"818",3.84289732196245,0.657761084574068,"sample01",1.03188622579173,2,2
"819",2.22873351950219,0.641307721877272,"sample01",0.968113774208266,2,2
"820",2.68556125741015,0.694174165529923,"sample01",1.03188622579173,2,2
"821",3.11821854999664,1.82315113511724,"sample01",0.968113774208266,2,2
"822",2.84049397336101,1.93323973464583,"sample01",1.03188622579173,2,2
"823",2.57190075061187,0.183232240422859,"sample01",0.968113774208266,2,2
"824",2.5592420429522,1.78389018005393,"sample01",1.03188622579173,2,2
"825",3.5748383082822,0.255819250960059,"sample01",0.968113774208266,2,2
"826",3.1346202034063,1.98414286939237,"sample01",1.03188622579173,2,2
"827",3.46686703763767,1.89411929435668,"sample01",0.968113774208266,2,2
"828",2.56678355978353,0.930183509385471,"sample01",1.03188622579173,2,2
"829",3.27597986463638,0.544470001193379,"sample01",0.968113774208266,2,2
"830",2.89300139310993,1.99558912844788,"sample01",1.03188622579173,2,2
"831",2.40006023520841,0.928333844839521,"sample01",0.968113774208266,2,2
"832",2.33683877588865,1.00602645550174,"sample01",1.03188622579173,2,2
"833",2.92891041796514,0.318558498360471,"sample01",0.968113774208266,2,2
"834",2.81860912018497,0.154215798091129,"sample01",1.03188622579173,2,2
"835",2.21359507738078,1.3255377881862,"sample01",0.968113774208266,2,2
"836",2.37148957848878,1.7654283339916,"sample01",1.03188622579173,2,2
"837",3.08722171817215,0.581830547207852,"sample01",0.968113774208266,2,2
"838",3.52956011135902,1.29407974049727,"sample01",1.03188622579173,2,2
"839",2.30676757243008,0.321765714222681,"sample01",0.968113774208266,2,2
"840",2.99706035410854,1.70418799134863,"sample01",1.03188622579173,2,2
"841",2.37244094180454,1.74567458792385,"sample01",0.968113774208266,2,2
"842",2.22227495539271,1.39652601311666,"sample01",1.03188622579173,2,2
"843",2.91910304109623,0.880892215439651,"sample01",0.968113774208266,2,2
"844",2.57955116686404,1.45108527589509,"sample01",1.03188622579173,2,2
"845",2.20642512712407,0.528451940794044,"sample01",0.968113774208266,2,2
"846",3.1208759973906,0.765889202748576,"sample01",1.03188622579173,2,2
"847",3.03803600788015,1.872672025496,"sample01",0.968113774208266,2,2
"848",2.430532342163,1.41940507659694,"sample01",1.03188622579173,2,2
"849",2.22569735746889,0.185753188160929,"sample01",0.968113774208266,2,2
"850",2.94666420133336,0.846965035314503,"sample01",1.03188622579173,2,2
"851",3.34090439454413,0.952190987724503,"sample01",0.968113774208266,2,2
"852",3.4889888322386,0.418041702458173,"sample01",1.03188622579173,2,2
"853",2.99802881476404,0.704490058967812,"sample01",0.968113774208266,2,2
"854",2.56630524215462,0.2033996908381,"sample01",1.03188622579173,2,2
"855",2.35759138995871,1.61050908881366,"sample01",0.968113774208266,2,2
"856",2.96441838082434,1.16538233726464,"sample01",1.03188622579173,2,2
"857",2.6041778526026,1.47341974045409,"sample01",0.968113774208266,2,2
"858",3.73137668895795,1.94775431323656,"sample01",1.03188622579173,2,2
"859",2.59648309154359,1.727522390254,"sample01",0.968113774208266,2,2
"860",3.20238437010343,0.815554404231295,"sample01",1.03188622579173,2,2
"861",2.7971594794959,0.654152177065682,"sample01",0.968113774208266,2,2
"862",3.15585013873014,1.96514824551912,"sample01",1.03188622579173,2,2
"863",2.427149149382,1.40762643733105,"sample01",0.968113774208266,2,2
"864",2.31722816673075,0.69243506677995,"sample01",1.03188622579173,2,2
"865",2.45991089512576,0.680661572413235,"sample01",0.968113774208266,2,2
"866",3.72017099554716,0.0663314208948469,"sample01",1.03188622579173,2,2
"867",2.01575035402985,1.80026758652046,"sample01",0.968113774208266,2,2
"868",2.99578701488862,1.94731618969548,"sample01",1.03188622579173,2,2
"869",2.8102826988954,1.38507334425012,"sample01",0.968113774208266,2,2
"870",2.53239793491495,1.17304962513951,"sample01",1.03188622579173,2,2
"871",3.68947928897234,1.22370860074762,"sample01",0.968113774208266,2,2
"872",2.00159110078386,0.579110874960408,"sample01",1.03188622579173,2,2
"873",2.12068461550744,0.447353065717647,"sample01",0.968113774208266,2,2
"874",2.90507836790412,1.4554722552574,"sample01",1.03188622579173,2,2
"875",2.04257744908112,0.884187246337267,"sample01",0.968113774208266,2,2
"876",2.55547246520311,1.4173582167795,"sample01",1.03188622579173,2,2
"877",3.51581147437957,1.39827285302078,"sample01",0.968113774208266,2,2
"878",3.15552737378318,0.723723414439136,"sample01",1.03188622579173,2,2
"879",2.8798853397867,0.314376204765996,"sample01",0.968113774208266,2,2
"880",3.33634221959037,1.59841012950252,"sample01",1.03188622579173,2,2
"881",3.070664700674,1.25613357467639,"sample01",0.968113774208266,2,2
"882",2.86073963358189,1.36366603598382,"sample01",1.03188622579173,2,2
"883",3.79950279955937,1.00350021247239,"sample01",0.968113774208266,2,2
"884",2.85341608662976,1.81507034199128,"sample01",1.03188622579173,2,2
"885",3.57544438808732,1.09501210562172,"sample01",0.968113774208266,2,2
"886",2.16708537694298,1.87724961626402,"sample01",1.03188622579173,2,2
"887",3.27789756411117,1.5690529295512,"sample01",0.968113774208266,2,2
"888",2.77180935549724,1.26436884920007,"sample01",1.03188622579173,2,2
"889",3.58803363234734,0.424755038309589,"sample01",0.968113774208266,2,2
"890",3.91275544788402,0.429017739487335,"sample01",1.03188622579173,2,2
"891",3.96182096722681,1.0732490948263,"sample01",0.968113774208266,2,2
"892",2.67411738604974,1.09097963168248,"sample01",1.03188622579173,2,2
"893",3.55629293616881,0.131259612172973,"sample01",0.968113774208266,2,2
"894",2.86833653197671,0.0938872912304975,"sample01",1.03188622579173,2,2
"895",2.65894850792672,1.52349777430325,"sample01",0.968113774208266,2,2
"896",3.3626421344686,1.29249909002315,"sample01",1.03188622579173,2,2
"897",3.59091772427221,0.577292994503641,"sample01",0.968113774208266,2,2
"898",2.44254429378267,1.60116967283603,"sample01",1.03188622579173,2,2
"899",2.33818805089709,1.28291254331316,"sample01",0.968113774208266,2,2
"900",2.2763181277675,0.158572304034859,"sample01",1.03188622579173,2,2
"901",3.56392754965071,0.156513864421705,"sample01",0.968113774208266,2,2
"902",2.72953886016083,0.566555601976204,"sample01",1.03188622579173,2,2
"903",3.3881708042647,1.02606984423646,"sample01",0.968113774208266,2,2
"904",3.3905503508034,1.85328362417187,"sample01",1.03188622579173,2,2
"905",2.79280873132209,1.5192404441472,"sample01",0.968113774208266,2,2
"906",2.82243298024736,1.46987378142678,"sample01",1.03188622579173,2,2
"907",2.95512102785844,0.0890847789993989,"sample01",0.968113774208266,2,2
"908",3.39163984001344,1.4634155566301,"sample01",1.03188622579173,2,2
"909",3.25665823626524,1.52903692604415,"sample01",0.968113774208266,2,2
"910",3.59357936812874,0.945018912204144,"sample01",1.03188622579173,2,2
"911",3.34777457948704,1.53199553488598,"sample01",0.968113774208266,2,2
"912",2.44307872757921,1.54437717070599,"sample01",1.03188622579173,2,2
"913",2.67749341862774,0.651635972090157,"sample01",0.968113774208266,2,2
"914",2.43004827572203,1.04713528564362,"sample01",1.03188622579173,2,2
"915",2.55986682119653,1.55388595549491,"sample01",0.968113774208266,2,2
"916",3.35689709357265,1.67528210235483,"sample01",1.03188622579173,2,2
"917",2.21376474294913,0.59364620957053,"sample01",0.968113774208266,2,2
"918",2.26426254552573,0.961269839677369,"sample01",1.03188622579173,2,2
"919",2.23337558779491,0.184511854600848,"sample01",0.968113774208266,2,2
"920",2.70014903613815,0.96348188247699,"sample01",1.03188622579173,2,2
"921",2.24999910358045,0.866185061849489,"sample01",0.968113774208266,2,2
"922",3.54460710448403,0.220101150407026,"sample01",1.03188622579173,2,2
"923",3.92687561308999,1.37654434957879,"sample01",0.968113774208266,2,2
"924",2.30628952443345,0.583940218261995,"sample01",1.03188622579173,2,2
"925",2.98014578403435,0.29513862513927,"sample01",0.968113774208266,2,2
"926",2.70429348369229,1.02848205355185,"sample01",1.03188622579173,2,2
"927",2.94713396194715,0.220817054490711,"sample01",0.968113774208266,2,2
"928",2.94337872665268,0.462390280728725,"sample01",1.03188622579173,2,2
"929",2.66096334575281,0.841628588277892,"sample01",0.968113774208266,2,2
"930",3.68560323339662,0.291764345124224,"sample01",1.03188622579173,2,2
"931",3.74419768816741,1.42837055867247,"sample01",0.968113774208266,2,2
"932",2.53831719751078,0.751042252868347,"sample01",1.03188622579173,2,2
"933",3.60775467254039,1.38119263155308,"sample01",0.968113774208266,2,2
"934",2.1957937062165,0.90504414269642,"sample01",1.03188622579173,2,2
"935",2.39608704343031,0.592878281106007,"sample01",0.968113774208266,2,2
"936",2.87657425528781,0.736461828872021,"sample01",1.03188622579173,2,2
"937",2.55109190912134,1.8672452979184,"sample01",0.968113774208266,2,2
"938",3.72387127004361,0.537106474301358,"sample01",1.03188622579173,2,2
"939",2.43890200381557,1.85109574324522,"sample01",0.968113774208266,2,2
"940",2.52378798013796,1.20271171350237,"sample01",1.03188622579173,2,2
"941",2.64241225142517,1.52867122828183,"sample01",0.968113774208266,2,2
"942",3.98626389329506,1.58597284250245,"sample01",1.03188622579173,2,2
"943",2.98086679226802,0.462766195312238,"sample01",0.968113774208266,2,2
"944",2.99745643618215,0.247258862345419,"sample01",1.03188622579173,2,2
"945",3.87723932955462,0.355952130802501,"sample01",0.968113774208266,2,2
"946",2.39949633816226,1.28898096681134,"sample01",1.03188622579173,2,2
"947",2.8029710984079,1.11601613463247,"sample01",0.968113774208266,2,2
"948",3.09358102595995,0.716393807656803,"sample01",1.03188622579173,2,2
"949",3.7076523637187,0.0405751025543099,"sample01",0.968113774208266,2,2
"950",3.82160325695549,1.78865834928788,"sample01",1.03188622579173,2,2
"951",3.47295721285582,1.34494986480423,"sample01",0.968113774208266,2,2
"952",3.54640546058789,1.85321814063309,"sample01",1.03188622579173,2,2
"953",2.7048807864167,0.208178676916348,"sample01",0.968113774208266,2,2
"954",2.75120022265063,1.21536256927202,"sample01",1.03188622579173,2,2
"955",2.83968285892278,1.03580247628873,"sample01",0.968113774208266,2,2
"956",3.69194537877223,1.31623765872724,"sample01",1.03188622579173,2,2
"957",3.88760494229435,0.500833328856287,"sample01",0.968113774208266,2,2
"958",2.31701635242138,0.49852772509915,"sample01",1.03188622579173,2,2
"959",3.44374215760133,0.882495092633171,"sample01",0.968113774208266,2,2
"960",3.86905928003451,1.97378851425437,"sample01",1.03188622579173,2,2
"961",2.15601068974906,1.54127338713846,"sample01",0.968113774208266,2,2
"962",2.12286716812787,0.374362346392527,"sample01",1.03188622579173,2,2
"963",2.36730164373302,1.81933365926524,"sample01",0.968113774208266,2,2
"964",2.17865982146655,1.55095347155784,"sample01",1.03188622579173,2,2
"965",2.99768909755455,0.239528785960677,"sample01",0.968113774208266,2,2
"966",2.7921605344111,1.48326432314958,"sample01",1.03188622579173,2,2
"967",3.05685838550202,1.94606683205801,"sample01",0.968113774208266,2,2
"968",2.37299126965483,1.67281136684908,"sample01",1.03188622579173,2,2
"969",2.503939698829,1.34494274750624,"sample01",0.968113774208266,2,2
"970",3.87231403051918,0.0099517669829194,"sample01",1.03188622579173,2,2
"971",3.39490140504765,0.443476070384965,"sample01",0.968113774208266,2,2
"972",3.99792965675887,0.0566107387479979,"sample01",1.03188622579173,2,2
"973",3.20629369383932,1.79990234450551,"sample01",0.968113774208266,2,2
"974",2.60391213124655,0.728786273886038,"sample01",1.03188622579173,2,2
"975",3.23288400391679,1.20376868371665,"sample01",0.968113774208266,2,2
"976",2.23952840602825,1.93435387313534,"sample01",1.03188622579173,2,2
"977",2.18176256307727,0.676948556159436,"sample01",0.968113774208266,2,2
"978",3.16248631318568,1.177980826324,"sample01",1.03188622579173,2,2
"979",3.1572139899723,0.0230604059161947,"sample01",0.968113774208266,2,2
"980",3.2371692629357,0.612964180400401,"sample01",1.03188622579173,2,2
"981",2.68044193430205,1.38298581129715,"sample01",0.968113774208266,2,2
"982",3.29568656650827,0.710897937595657,"sample01",1.03188622579173,2,2
"983",2.69690432319686,0.474204916497325,"sample01",0.968113774208266,2,2
"984",3.34061886106176,1.5867226061241,"sample01",1.03188622579173,2,2
"985",3.99367059218265,1.42160527576795,"sample01",0.968113774208266,2,2
"986",3.7847156897432,0.569856003385829,"sample01",1.03188622579173,2,2
"987",2.84592582093287,1.70425802678948,"sample01",0.968113774208266,2,2
"988",2.90544529093966,1.5645576899324,"sample01",1.03188622579173,2,2
"989",2.01948294911259,1.05153618062203,"sample01",0.968113774208266,2,2
"990",2.76917406315623,1.67258336139499,"sample01",1.03188622579173,2,2
"991",2.5138657278217,0.355905111548748,"sample01",0.968113774208266,2,2
"992",3.47767705695456,1.68583107399528,"sample01",1.03188622579173,2,2
"993",3.69074144077088,1.15061610928441,"sample01",0.968113774208266,2,2
"994",3.20344185705339,1.47926531685275,"sample01",1.03188622579173,2,2
"995",2.72899327462441,1.41449602403462,"sample01",0.968113774208266,2,2
"996",3.03180196645085,0.683177414465015,"sample01",1.03188622579173,2,2
"997",2.12044405698039,1.19840432466955,"sample01",0.968113774208266,2,2
"998",2.92885822377283,0.586103561429349,"sample01",1.03188622579173,2,2
"999",3.9262667969361,1.82820494714456,"sample01",0.968113774208266,2,2
"1000",2.89517142407488,0.279619546854295,"sample01",1.03188622579173,2,2
